bin	chrom	start	end	length
0	chr1	1	500000	500000
1	chr1	500001	1000000	500000
2	chr1	1000001	1500000	500000
3	chr1	1500001	2000000	500000
4	chr1	2000001	2500000	500000
5	chr1	2500001	3000000	500000
6	chr1	3000001	3500000	500000
7	chr1	3500001	4000000	500000
8	chr1	4000001	4500000	500000
9	chr1	4500001	5000000	500000
10	chr1	5000001	5500000	500000
11	chr1	5500001	6000000	500000
12	chr1	6000001	6500000	500000
13	chr1	6500001	7000000	500000
14	chr1	7000001	7500000	500000
15	chr1	7500001	8000000	500000
16	chr1	8000001	8500000	500000
17	chr1	8500001	9000000	500000
18	chr1	9000001	9500000	500000
19	chr1	9500001	10000000	500000
20	chr1	10000001	10500000	500000
21	chr1	10500001	11000000	500000
22	chr1	11000001	11500000	500000
23	chr1	11500001	12000000	500000
24	chr1	12000001	12500000	500000
25	chr1	12500001	13000000	500000
26	chr1	13000001	13500000	500000
27	chr1	13500001	14000000	500000
28	chr1	14000001	14500000	500000
29	chr1	14500001	15000000	500000
30	chr1	15000001	15500000	500000
31	chr1	15500001	16000000	500000
32	chr1	16000001	16500000	500000
33	chr1	16500001	17000000	500000
34	chr1	17000001	17500000	500000
35	chr1	17500001	18000000	500000
36	chr1	18000001	18500000	500000
37	chr1	18500001	19000000	500000
38	chr1	19000001	19500000	500000
39	chr1	19500001	20000000	500000
40	chr1	20000001	20500000	500000
41	chr1	20500001	21000000	500000
42	chr1	21000001	21500000	500000
43	chr1	21500001	22000000	500000
44	chr1	22000001	22500000	500000
45	chr1	22500001	23000000	500000
46	chr1	23000001	23500000	500000
47	chr1	23500001	24000000	500000
48	chr1	24000001	24500000	500000
49	chr1	24500001	25000000	500000
50	chr1	25000001	25500000	500000
51	chr1	25500001	26000000	500000
52	chr1	26000001	26500000	500000
53	chr1	26500001	27000000	500000
54	chr1	27000001	27500000	500000
55	chr1	27500001	28000000	500000
56	chr1	28000001	28500000	500000
57	chr1	28500001	29000000	500000
58	chr1	29000001	29500000	500000
59	chr1	29500001	30000000	500000
60	chr1	30000001	30500000	500000
61	chr1	30500001	31000000	500000
62	chr1	31000001	31500000	500000
63	chr1	31500001	32000000	500000
64	chr1	32000001	32500000	500000
65	chr1	32500001	33000000	500000
66	chr1	33000001	33500000	500000
67	chr1	33500001	34000000	500000
68	chr1	34000001	34500000	500000
69	chr1	34500001	35000000	500000
70	chr1	35000001	35500000	500000
71	chr1	35500001	36000000	500000
72	chr1	36000001	36500000	500000
73	chr1	36500001	37000000	500000
74	chr1	37000001	37500000	500000
75	chr1	37500001	38000000	500000
76	chr1	38000001	38500000	500000
77	chr1	38500001	39000000	500000
78	chr1	39000001	39500000	500000
79	chr1	39500001	40000000	500000
80	chr1	40000001	40500000	500000
81	chr1	40500001	41000000	500000
82	chr1	41000001	41500000	500000
83	chr1	41500001	42000000	500000
84	chr1	42000001	42500000	500000
85	chr1	42500001	43000000	500000
86	chr1	43000001	43500000	500000
87	chr1	43500001	44000000	500000
88	chr1	44000001	44500000	500000
89	chr1	44500001	45000000	500000
90	chr1	45000001	45500000	500000
91	chr1	45500001	46000000	500000
92	chr1	46000001	46500000	500000
93	chr1	46500001	47000000	500000
94	chr1	47000001	47500000	500000
95	chr1	47500001	48000000	500000
96	chr1	48000001	48500000	500000
97	chr1	48500001	49000000	500000
98	chr1	49000001	49500000	500000
99	chr1	49500001	50000000	500000
100	chr1	50000001	50500000	500000
101	chr1	50500001	51000000	500000
102	chr1	51000001	51500000	500000
103	chr1	51500001	52000000	500000
104	chr1	52000001	52500000	500000
105	chr1	52500001	53000000	500000
106	chr1	53000001	53500000	500000
107	chr1	53500001	54000000	500000
108	chr1	54000001	54500000	500000
109	chr1	54500001	55000000	500000
110	chr1	55000001	55500000	500000
111	chr1	55500001	56000000	500000
112	chr1	56000001	56500000	500000
113	chr1	56500001	57000000	500000
114	chr1	57000001	57500000	500000
115	chr1	57500001	58000000	500000
116	chr1	58000001	58500000	500000
117	chr1	58500001	59000000	500000
118	chr1	59000001	59500000	500000
119	chr1	59500001	60000000	500000
120	chr1	60000001	60500000	500000
121	chr1	60500001	61000000	500000
122	chr1	61000001	61500000	500000
123	chr1	61500001	62000000	500000
124	chr1	62000001	62500000	500000
125	chr1	62500001	63000000	500000
126	chr1	63000001	63500000	500000
127	chr1	63500001	64000000	500000
128	chr1	64000001	64500000	500000
129	chr1	64500001	65000000	500000
130	chr1	65000001	65500000	500000
131	chr1	65500001	66000000	500000
132	chr1	66000001	66500000	500000
133	chr1	66500001	67000000	500000
134	chr1	67000001	67500000	500000
135	chr1	67500001	68000000	500000
136	chr1	68000001	68500000	500000
137	chr1	68500001	69000000	500000
138	chr1	69000001	69500000	500000
139	chr1	69500001	70000000	500000
140	chr1	70000001	70500000	500000
141	chr1	70500001	71000000	500000
142	chr1	71000001	71500000	500000
143	chr1	71500001	72000000	500000
144	chr1	72000001	72500000	500000
145	chr1	72500001	73000000	500000
146	chr1	73000001	73500000	500000
147	chr1	73500001	74000000	500000
148	chr1	74000001	74500000	500000
149	chr1	74500001	75000000	500000
150	chr1	75000001	75500000	500000
151	chr1	75500001	76000000	500000
152	chr1	76000001	76500000	500000
153	chr1	76500001	77000000	500000
154	chr1	77000001	77500000	500000
155	chr1	77500001	78000000	500000
156	chr1	78000001	78500000	500000
157	chr1	78500001	79000000	500000
158	chr1	79000001	79500000	500000
159	chr1	79500001	80000000	500000
160	chr1	80000001	80500000	500000
161	chr1	80500001	81000000	500000
162	chr1	81000001	81500000	500000
163	chr1	81500001	82000000	500000
164	chr1	82000001	82500000	500000
165	chr1	82500001	83000000	500000
166	chr1	83000001	83500000	500000
167	chr1	83500001	84000000	500000
168	chr1	84000001	84500000	500000
169	chr1	84500001	85000000	500000
170	chr1	85000001	85500000	500000
171	chr1	85500001	86000000	500000
172	chr1	86000001	86500000	500000
173	chr1	86500001	87000000	500000
174	chr1	87000001	87500000	500000
175	chr1	87500001	88000000	500000
176	chr1	88000001	88500000	500000
177	chr1	88500001	89000000	500000
178	chr1	89000001	89500000	500000
179	chr1	89500001	90000000	500000
180	chr1	90000001	90500000	500000
181	chr1	90500001	91000000	500000
182	chr1	91000001	91500000	500000
183	chr1	91500001	92000000	500000
184	chr1	92000001	92500000	500000
185	chr1	92500001	93000000	500000
186	chr1	93000001	93500000	500000
187	chr1	93500001	94000000	500000
188	chr1	94000001	94500000	500000
189	chr1	94500001	95000000	500000
190	chr1	95000001	95500000	500000
191	chr1	95500001	96000000	500000
192	chr1	96000001	96500000	500000
193	chr1	96500001	97000000	500000
194	chr1	97000001	97500000	500000
195	chr1	97500001	98000000	500000
196	chr1	98000001	98500000	500000
197	chr1	98500001	99000000	500000
198	chr1	99000001	99500000	500000
199	chr1	99500001	100000000	500000
200	chr1	100000001	100500000	500000
201	chr1	100500001	101000000	500000
202	chr1	101000001	101500000	500000
203	chr1	101500001	102000000	500000
204	chr1	102000001	102500000	500000
205	chr1	102500001	103000000	500000
206	chr1	103000001	103500000	500000
207	chr1	103500001	104000000	500000
208	chr1	104000001	104500000	500000
209	chr1	104500001	105000000	500000
210	chr1	105000001	105500000	500000
211	chr1	105500001	106000000	500000
212	chr1	106000001	106500000	500000
213	chr1	106500001	107000000	500000
214	chr1	107000001	107500000	500000
215	chr1	107500001	108000000	500000
216	chr1	108000001	108500000	500000
217	chr1	108500001	109000000	500000
218	chr1	109000001	109500000	500000
219	chr1	109500001	110000000	500000
220	chr1	110000001	110500000	500000
221	chr1	110500001	111000000	500000
222	chr1	111000001	111500000	500000
223	chr1	111500001	112000000	500000
224	chr1	112000001	112500000	500000
225	chr1	112500001	113000000	500000
226	chr1	113000001	113500000	500000
227	chr1	113500001	114000000	500000
228	chr1	114000001	114500000	500000
229	chr1	114500001	115000000	500000
230	chr1	115000001	115500000	500000
231	chr1	115500001	116000000	500000
232	chr1	116000001	116500000	500000
233	chr1	116500001	117000000	500000
234	chr1	117000001	117500000	500000
235	chr1	117500001	118000000	500000
236	chr1	118000001	118500000	500000
237	chr1	118500001	119000000	500000
238	chr1	119000001	119500000	500000
239	chr1	119500001	120000000	500000
240	chr1	120000001	120500000	500000
241	chr1	120500001	121000000	500000
242	chr1	121000001	121500000	500000
243	chr1	121500001	122000000	500000
244	chr1	122000001	122500000	500000
245	chr1	122500001	123000000	500000
246	chr1	123000001	123500000	500000
247	chr1	123500001	124000000	500000
248	chr1	124000001	124500000	500000
249	chr1	124500001	125000000	500000
250	chr1	125000001	125500000	500000
251	chr1	125500001	126000000	500000
252	chr1	126000001	126500000	500000
253	chr1	126500001	127000000	500000
254	chr1	127000001	127500000	500000
255	chr1	127500001	128000000	500000
256	chr1	128000001	128500000	500000
257	chr1	128500001	129000000	500000
258	chr1	129000001	129500000	500000
259	chr1	129500001	130000000	500000
260	chr1	130000001	130500000	500000
261	chr1	130500001	131000000	500000
262	chr1	131000001	131500000	500000
263	chr1	131500001	132000000	500000
264	chr1	132000001	132500000	500000
265	chr1	132500001	133000000	500000
266	chr1	133000001	133500000	500000
267	chr1	133500001	134000000	500000
268	chr1	134000001	134500000	500000
269	chr1	134500001	135000000	500000
270	chr1	135000001	135500000	500000
271	chr1	135500001	136000000	500000
272	chr1	136000001	136500000	500000
273	chr1	136500001	137000000	500000
274	chr1	137000001	137500000	500000
275	chr1	137500001	138000000	500000
276	chr1	138000001	138500000	500000
277	chr1	138500001	139000000	500000
278	chr1	139000001	139500000	500000
279	chr1	139500001	140000000	500000
280	chr1	140000001	140500000	500000
281	chr1	140500001	141000000	500000
282	chr1	141000001	141500000	500000
283	chr1	141500001	142000000	500000
284	chr1	142000001	142500000	500000
285	chr1	142500001	143000000	500000
286	chr1	143000001	143500000	500000
287	chr1	143500001	144000000	500000
288	chr1	144000001	144500000	500000
289	chr1	144500001	145000000	500000
290	chr1	145000001	145500000	500000
291	chr1	145500001	146000000	500000
292	chr1	146000001	146500000	500000
293	chr1	146500001	147000000	500000
294	chr1	147000001	147500000	500000
295	chr1	147500001	148000000	500000
296	chr1	148000001	148500000	500000
297	chr1	148500001	149000000	500000
298	chr1	149000001	149500000	500000
299	chr1	149500001	150000000	500000
300	chr1	150000001	150500000	500000
301	chr1	150500001	151000000	500000
302	chr1	151000001	151500000	500000
303	chr1	151500001	152000000	500000
304	chr1	152000001	152500000	500000
305	chr1	152500001	153000000	500000
306	chr1	153000001	153500000	500000
307	chr1	153500001	154000000	500000
308	chr1	154000001	154500000	500000
309	chr1	154500001	155000000	500000
310	chr1	155000001	155500000	500000
311	chr1	155500001	156000000	500000
312	chr1	156000001	156500000	500000
313	chr1	156500001	157000000	500000
314	chr1	157000001	157500000	500000
315	chr1	157500001	158000000	500000
316	chr1	158000001	158500000	500000
317	chr1	158500001	159000000	500000
318	chr1	159000001	159500000	500000
319	chr1	159500001	160000000	500000
320	chr1	160000001	160500000	500000
321	chr1	160500001	161000000	500000
322	chr1	161000001	161500000	500000
323	chr1	161500001	162000000	500000
324	chr1	162000001	162500000	500000
325	chr1	162500001	163000000	500000
326	chr1	163000001	163500000	500000
327	chr1	163500001	164000000	500000
328	chr1	164000001	164500000	500000
329	chr1	164500001	165000000	500000
330	chr1	165000001	165500000	500000
331	chr1	165500001	166000000	500000
332	chr1	166000001	166500000	500000
333	chr1	166500001	167000000	500000
334	chr1	167000001	167500000	500000
335	chr1	167500001	168000000	500000
336	chr1	168000001	168500000	500000
337	chr1	168500001	169000000	500000
338	chr1	169000001	169500000	500000
339	chr1	169500001	170000000	500000
340	chr1	170000001	170500000	500000
341	chr1	170500001	171000000	500000
342	chr1	171000001	171500000	500000
343	chr1	171500001	172000000	500000
344	chr1	172000001	172500000	500000
345	chr1	172500001	173000000	500000
346	chr1	173000001	173500000	500000
347	chr1	173500001	174000000	500000
348	chr1	174000001	174500000	500000
349	chr1	174500001	175000000	500000
350	chr1	175000001	175500000	500000
351	chr1	175500001	176000000	500000
352	chr1	176000001	176500000	500000
353	chr1	176500001	177000000	500000
354	chr1	177000001	177500000	500000
355	chr1	177500001	178000000	500000
356	chr1	178000001	178500000	500000
357	chr1	178500001	179000000	500000
358	chr1	179000001	179500000	500000
359	chr1	179500001	180000000	500000
360	chr1	180000001	180500000	500000
361	chr1	180500001	181000000	500000
362	chr1	181000001	181500000	500000
363	chr1	181500001	182000000	500000
364	chr1	182000001	182500000	500000
365	chr1	182500001	183000000	500000
366	chr1	183000001	183500000	500000
367	chr1	183500001	184000000	500000
368	chr1	184000001	184500000	500000
369	chr1	184500001	185000000	500000
370	chr1	185000001	185500000	500000
371	chr1	185500001	186000000	500000
372	chr1	186000001	186500000	500000
373	chr1	186500001	187000000	500000
374	chr1	187000001	187500000	500000
375	chr1	187500001	188000000	500000
376	chr1	188000001	188500000	500000
377	chr1	188500001	189000000	500000
378	chr1	189000001	189500000	500000
379	chr1	189500001	190000000	500000
380	chr1	190000001	190500000	500000
381	chr1	190500001	191000000	500000
382	chr1	191000001	191500000	500000
383	chr1	191500001	192000000	500000
384	chr1	192000001	192500000	500000
385	chr1	192500001	193000000	500000
386	chr1	193000001	193500000	500000
387	chr1	193500001	194000000	500000
388	chr1	194000001	194500000	500000
389	chr1	194500001	195000000	500000
390	chr1	195000001	195500000	500000
391	chr1	195500001	196000000	500000
392	chr1	196000001	196500000	500000
393	chr1	196500001	197000000	500000
394	chr1	197000001	197500000	500000
395	chr1	197500001	198000000	500000
396	chr1	198000001	198500000	500000
397	chr1	198500001	199000000	500000
398	chr1	199000001	199500000	500000
399	chr1	199500001	200000000	500000
400	chr1	200000001	200500000	500000
401	chr1	200500001	201000000	500000
402	chr1	201000001	201500000	500000
403	chr1	201500001	202000000	500000
404	chr1	202000001	202500000	500000
405	chr1	202500001	203000000	500000
406	chr1	203000001	203500000	500000
407	chr1	203500001	204000000	500000
408	chr1	204000001	204500000	500000
409	chr1	204500001	205000000	500000
410	chr1	205000001	205500000	500000
411	chr1	205500001	206000000	500000
412	chr1	206000001	206500000	500000
413	chr1	206500001	207000000	500000
414	chr1	207000001	207500000	500000
415	chr1	207500001	208000000	500000
416	chr1	208000001	208500000	500000
417	chr1	208500001	209000000	500000
418	chr1	209000001	209500000	500000
419	chr1	209500001	210000000	500000
420	chr1	210000001	210500000	500000
421	chr1	210500001	211000000	500000
422	chr1	211000001	211500000	500000
423	chr1	211500001	212000000	500000
424	chr1	212000001	212500000	500000
425	chr1	212500001	213000000	500000
426	chr1	213000001	213500000	500000
427	chr1	213500001	214000000	500000
428	chr1	214000001	214500000	500000
429	chr1	214500001	215000000	500000
430	chr1	215000001	215500000	500000
431	chr1	215500001	216000000	500000
432	chr1	216000001	216500000	500000
433	chr1	216500001	217000000	500000
434	chr1	217000001	217500000	500000
435	chr1	217500001	218000000	500000
436	chr1	218000001	218500000	500000
437	chr1	218500001	219000000	500000
438	chr1	219000001	219500000	500000
439	chr1	219500001	220000000	500000
440	chr1	220000001	220500000	500000
441	chr1	220500001	221000000	500000
442	chr1	221000001	221500000	500000
443	chr1	221500001	222000000	500000
444	chr1	222000001	222500000	500000
445	chr1	222500001	223000000	500000
446	chr1	223000001	223500000	500000
447	chr1	223500001	224000000	500000
448	chr1	224000001	224500000	500000
449	chr1	224500001	225000000	500000
450	chr1	225000001	225500000	500000
451	chr1	225500001	226000000	500000
452	chr1	226000001	226500000	500000
453	chr1	226500001	227000000	500000
454	chr1	227000001	227500000	500000
455	chr1	227500001	228000000	500000
456	chr1	228000001	228500000	500000
457	chr1	228500001	229000000	500000
458	chr1	229000001	229500000	500000
459	chr1	229500001	230000000	500000
460	chr1	230000001	230500000	500000
461	chr1	230500001	231000000	500000
462	chr1	231000001	231500000	500000
463	chr1	231500001	232000000	500000
464	chr1	232000001	232500000	500000
465	chr1	232500001	233000000	500000
466	chr1	233000001	233500000	500000
467	chr1	233500001	234000000	500000
468	chr1	234000001	234500000	500000
469	chr1	234500001	235000000	500000
470	chr1	235000001	235500000	500000
471	chr1	235500001	236000000	500000
472	chr1	236000001	236500000	500000
473	chr1	236500001	237000000	500000
474	chr1	237000001	237500000	500000
475	chr1	237500001	238000000	500000
476	chr1	238000001	238500000	500000
477	chr1	238500001	239000000	500000
478	chr1	239000001	239500000	500000
479	chr1	239500001	240000000	500000
480	chr1	240000001	240500000	500000
481	chr1	240500001	241000000	500000
482	chr1	241000001	241500000	500000
483	chr1	241500001	242000000	500000
484	chr1	242000001	242500000	500000
485	chr1	242500001	243000000	500000
486	chr1	243000001	243500000	500000
487	chr1	243500001	244000000	500000
488	chr1	244000001	244500000	500000
489	chr1	244500001	245000000	500000
490	chr1	245000001	245500000	500000
491	chr1	245500001	246000000	500000
492	chr1	246000001	246500000	500000
493	chr1	246500001	247000000	500000
494	chr1	247000001	247500000	500000
495	chr1	247500001	248000000	500000
496	chr1	248000001	248500000	500000
497	chr1	248500001	248956422	456422
