cell	cell_index	clone_assignment	segment	start_bin	end_bin	cn_A	cn_B	total_cn	loh
cell0	0	3	0	0	46	1	2	3	False
cell0	0	3	1	47	74	1	2	3	False
cell0	0	3	2	75	80	1	2	3	False
cell0	0	3	3	81	83	1	2	3	False
cell0	0	3	4	84	86	1	2	3	False
cell0	0	3	5	87	89	1	2	3	False
cell0	0	3	6	90	243	1	2	3	False
cell0	0	3	7	244	497	1	1	2	False
cell1	1	3	0	0	46	1	2	3	False
cell1	1	3	1	47	74	1	2	3	False
cell1	1	3	2	75	80	1	2	3	False
cell1	1	3	3	81	83	1	2	3	False
cell1	1	3	4	84	86	1	2	3	False
cell1	1	3	5	87	89	1	2	3	False
cell1	1	3	6	90	243	1	2	3	False
cell1	1	3	7	244	497	1	1	2	False
cell2	2	3	0	0	46	1	2	3	False
cell2	2	3	1	47	74	1	2	3	False
cell2	2	3	2	75	80	1	2	3	False
cell2	2	3	3	81	83	1	2	3	False
cell2	2	3	4	84	86	1	2	3	False
cell2	2	3	5	87	89	1	2	3	False
cell2	2	3	6	90	243	1	2	3	False
cell2	2	3	7	244	497	1	1	2	False
cell3	3	5	0	0	46	1	1	2	False
cell3	3	5	1	47	74	2	1	3	False
cell3	3	5	2	75	80	2	0	2	True
cell3	3	5	3	81	83	1	0	1	True
cell3	3	5	4	84	86	1	0	1	True
cell3	3	5	5	87	89	1	0	1	True
cell3	3	5	6	90	243	1	1	2	False
cell3	3	5	7	244	497	1	1	2	False
cell4	4	3	0	0	46	1	2	3	False
cell4	4	3	1	47	74	1	2	3	False
cell4	4	3	2	75	80	1	2	3	False
cell4	4	3	3	81	83	1	2	3	False
cell4	4	3	4	84	86	1	2	3	False
cell4	4	3	5	87	89	1	2	3	False
cell4	4	3	6	90	243	1	2	3	False
cell4	4	3	7	244	497	1	1	2	False
cell5	5	8	0	0	46	1	1	2	False
cell5	5	8	1	47	74	2	1	3	False
cell5	5	8	2	75	80	2	0	2	True
cell5	5	8	3	81	83	1	0	1	True
cell5	5	8	4	84	86	0	0	0	False
cell5	5	8	5	87	89	1	0	1	True
cell5	5	8	6	90	243	1	1	2	False
cell5	5	8	7	244	497	1	1	2	False
cell6	6	3	0	0	46	1	2	3	False
cell6	6	3	1	47	74	1	2	3	False
cell6	6	3	2	75	80	1	2	3	False
cell6	6	3	3	81	83	1	2	3	False
cell6	6	3	4	84	86	1	2	3	False
cell6	6	3	5	87	89	1	2	3	False
cell6	6	3	6	90	243	1	2	3	False
cell6	6	3	7	244	497	1	1	2	False
cell7	7	5	0	0	46	1	1	2	False
cell7	7	5	1	47	74	2	1	3	False
cell7	7	5	2	75	80	2	0	2	True
cell7	7	5	3	81	83	1	0	1	True
cell7	7	5	4	84	86	1	0	1	True
cell7	7	5	5	87	89	1	0	1	True
cell7	7	5	6	90	243	1	1	2	False
cell7	7	5	7	244	497	1	1	2	False
cell8	8	7	0	0	46	1	1	2	False
cell8	8	7	1	47	74	2	1	3	False
cell8	8	7	2	75	80	2	0	2	True
cell8	8	7	3	81	83	1	0	1	True
cell8	8	7	4	84	86	0	0	0	False
cell8	8	7	5	87	89	1	0	1	True
cell8	8	7	6	90	243	1	1	2	False
cell8	8	7	7	244	497	1	1	2	False
cell9	9	8	0	0	46	1	1	2	False
cell9	9	8	1	47	74	2	1	3	False
cell9	9	8	2	75	80	2	0	2	True
cell9	9	8	3	81	83	1	0	1	True
cell9	9	8	4	84	86	0	0	0	False
cell9	9	8	5	87	89	1	0	1	True
cell9	9	8	6	90	243	1	1	2	False
cell9	9	8	7	244	497	1	1	2	False
cell10	10	4	0	0	46	1	2	3	False
cell10	10	4	1	47	74	1	2	3	False
cell10	10	4	2	75	80	1	2	3	False
cell10	10	4	3	81	83	1	2	3	False
cell10	10	4	4	84	86	1	2	3	False
cell10	10	4	5	87	89	1	2	3	False
cell10	10	4	6	90	243	1	2	3	False
cell10	10	4	7	244	497	1	1	2	False
cell11	11	4	0	0	46	1	2	3	False
cell11	11	4	1	47	74	1	2	3	False
cell11	11	4	2	75	80	1	2	3	False
cell11	11	4	3	81	83	1	2	3	False
cell11	11	4	4	84	86	1	2	3	False
cell11	11	4	5	87	89	1	2	3	False
cell11	11	4	6	90	243	1	2	3	False
cell11	11	4	7	244	497	1	1	2	False
cell12	12	3	0	0	46	1	2	3	False
cell12	12	3	1	47	74	1	2	3	False
cell12	12	3	2	75	80	1	2	3	False
cell12	12	3	3	81	83	1	2	3	False
cell12	12	3	4	84	86	1	2	3	False
cell12	12	3	5	87	89	1	2	3	False
cell12	12	3	6	90	243	1	2	3	False
cell12	12	3	7	244	497	1	1	2	False
cell13	13	4	0	0	46	1	2	3	False
cell13	13	4	1	47	74	1	2	3	False
cell13	13	4	2	75	80	1	2	3	False
cell13	13	4	3	81	83	1	2	3	False
cell13	13	4	4	84	86	1	2	3	False
cell13	13	4	5	87	89	1	2	3	False
cell13	13	4	6	90	243	1	2	3	False
cell13	13	4	7	244	497	1	1	2	False
cell14	14	3	0	0	46	1	2	3	False
cell14	14	3	1	47	74	1	2	3	False
cell14	14	3	2	75	80	1	2	3	False
cell14	14	3	3	81	83	1	2	3	False
cell14	14	3	4	84	86	1	2	3	False
cell14	14	3	5	87	89	1	2	3	False
cell14	14	3	6	90	243	1	2	3	False
cell14	14	3	7	244	497	1	1	2	False
cell15	15	3	0	0	46	1	2	3	False
cell15	15	3	1	47	74	1	2	3	False
cell15	15	3	2	75	80	1	2	3	False
cell15	15	3	3	81	83	1	2	3	False
cell15	15	3	4	84	86	1	2	3	False
cell15	15	3	5	87	89	1	2	3	False
cell15	15	3	6	90	243	1	2	3	False
cell15	15	3	7	244	497	1	1	2	False
cell16	16	3	0	0	46	1	2	3	False
cell16	16	3	1	47	74	1	2	3	False
cell16	16	3	2	75	80	1	2	3	False
cell16	16	3	3	81	83	1	2	3	False
cell16	16	3	4	84	86	1	2	3	False
cell16	16	3	5	87	89	1	2	3	False
cell16	16	3	6	90	243	1	2	3	False
cell16	16	3	7	244	497	1	1	2	False
cell17	17	5	0	0	46	1	1	2	False
cell17	17	5	1	47	74	2	1	3	False
cell17	17	5	2	75	80	2	0	2	True
cell17	17	5	3	81	83	1	0	1	True
cell17	17	5	4	84	86	1	0	1	True
cell17	17	5	5	87	89	1	0	1	True
cell17	17	5	6	90	243	1	1	2	False
cell17	17	5	7	244	497	1	1	2	False
cell18	18	3	0	0	46	1	2	3	False
cell18	18	3	1	47	74	1	2	3	False
cell18	18	3	2	75	80	1	2	3	False
cell18	18	3	3	81	83	1	2	3	False
cell18	18	3	4	84	86	1	2	3	False
cell18	18	3	5	87	89	1	2	3	False
cell18	18	3	6	90	243	1	2	3	False
cell18	18	3	7	244	497	1	1	2	False
cell19	19	3	0	0	46	1	2	3	False
cell19	19	3	1	47	74	1	2	3	False
cell19	19	3	2	75	80	1	2	3	False
cell19	19	3	3	81	83	1	2	3	False
cell19	19	3	4	84	86	1	2	3	False
cell19	19	3	5	87	89	1	2	3	False
cell19	19	3	6	90	243	1	2	3	False
cell19	19	3	7	244	497	1	1	2	False
cell20	20	3	0	0	46	1	2	3	False
cell20	20	3	1	47	74	1	2	3	False
cell20	20	3	2	75	80	1	2	3	False
cell20	20	3	3	81	83	1	2	3	False
cell20	20	3	4	84	86	1	2	3	False
cell20	20	3	5	87	89	1	2	3	False
cell20	20	3	6	90	243	1	2	3	False
cell20	20	3	7	244	497	1	1	2	False
cell21	21	3	0	0	46	1	2	3	False
cell21	21	3	1	47	74	1	2	3	False
cell21	21	3	2	75	80	1	2	3	False
cell21	21	3	3	81	83	1	2	3	False
cell21	21	3	4	84	86	1	2	3	False
cell21	21	3	5	87	89	1	2	3	False
cell21	21	3	6	90	243	1	2	3	False
cell21	21	3	7	244	497	1	1	2	False
cell22	22	3	0	0	46	1	2	3	False
cell22	22	3	1	47	74	1	2	3	False
cell22	22	3	2	75	80	1	2	3	False
cell22	22	3	3	81	83	1	2	3	False
cell22	22	3	4	84	86	1	2	3	False
cell22	22	3	5	87	89	1	2	3	False
cell22	22	3	6	90	243	1	2	3	False
cell22	22	3	7	244	497	1	1	2	False
cell23	23	3	0	0	46	1	2	3	False
cell23	23	3	1	47	74	1	2	3	False
cell23	23	3	2	75	80	1	2	3	False
cell23	23	3	3	81	83	1	2	3	False
cell23	23	3	4	84	86	1	2	3	False
cell23	23	3	5	87	89	1	2	3	False
cell23	23	3	6	90	243	1	2	3	False
cell23	23	3	7	244	497	1	1	2	False
cell24	24	3	0	0	46	1	2	3	False
cell24	24	3	1	47	74	1	2	3	False
cell24	24	3	2	75	80	1	2	3	False
cell24	24	3	3	81	83	1	2	3	False
cell24	24	3	4	84	86	1	2	3	False
cell24	24	3	5	87	89	1	2	3	False
cell24	24	3	6	90	243	1	2	3	False
cell24	24	3	7	244	497	1	1	2	False
cell25	25	3	0	0	46	1	2	3	False
cell25	25	3	1	47	74	1	2	3	False
cell25	25	3	2	75	80	1	2	3	False
cell25	25	3	3	81	83	1	2	3	False
cell25	25	3	4	84	86	1	2	3	False
cell25	25	3	5	87	89	1	2	3	False
cell25	25	3	6	90	243	1	2	3	False
cell25	25	3	7	244	497	1	1	2	False
cell26	26	3	0	0	46	1	2	3	False
cell26	26	3	1	47	74	1	2	3	False
cell26	26	3	2	75	80	1	2	3	False
cell26	26	3	3	81	83	1	2	3	False
cell26	26	3	4	84	86	1	2	3	False
cell26	26	3	5	87	89	1	2	3	False
cell26	26	3	6	90	243	1	2	3	False
cell26	26	3	7	244	497	1	1	2	False
cell27	27	3	0	0	46	1	2	3	False
cell27	27	3	1	47	74	1	2	3	False
cell27	27	3	2	75	80	1	2	3	False
cell27	27	3	3	81	83	1	2	3	False
cell27	27	3	4	84	86	1	2	3	False
cell27	27	3	5	87	89	1	2	3	False
cell27	27	3	6	90	243	1	2	3	False
cell27	27	3	7	244	497	1	1	2	False
cell28	28	3	0	0	46	1	2	3	False
cell28	28	3	1	47	74	1	2	3	False
cell28	28	3	2	75	80	1	2	3	False
cell28	28	3	3	81	83	1	2	3	False
cell28	28	3	4	84	86	1	2	3	False
cell28	28	3	5	87	89	1	2	3	False
cell28	28	3	6	90	243	1	2	3	False
cell28	28	3	7	244	497	1	1	2	False
cell29	29	3	0	0	46	1	2	3	False
cell29	29	3	1	47	74	1	2	3	False
cell29	29	3	2	75	80	1	2	3	False
cell29	29	3	3	81	83	1	2	3	False
cell29	29	3	4	84	86	1	2	3	False
cell29	29	3	5	87	89	1	2	3	False
cell29	29	3	6	90	243	1	2	3	False
cell29	29	3	7	244	497	1	1	2	False
cell30	30	3	0	0	46	1	2	3	False
cell30	30	3	1	47	74	1	2	3	False
cell30	30	3	2	75	80	1	2	3	False
cell30	30	3	3	81	83	1	2	3	False
cell30	30	3	4	84	86	1	2	3	False
cell30	30	3	5	87	89	1	2	3	False
cell30	30	3	6	90	243	1	2	3	False
cell30	30	3	7	244	497	1	1	2	False
cell31	31	3	0	0	46	1	2	3	False
cell31	31	3	1	47	74	1	2	3	False
cell31	31	3	2	75	80	1	2	3	False
cell31	31	3	3	81	83	1	2	3	False
cell31	31	3	4	84	86	1	2	3	False
cell31	31	3	5	87	89	1	2	3	False
cell31	31	3	6	90	243	1	2	3	False
cell31	31	3	7	244	497	1	1	2	False
cell32	32	8	0	0	46	1	1	2	False
cell32	32	8	1	47	74	2	1	3	False
cell32	32	8	2	75	80	2	0	2	True
cell32	32	8	3	81	83	1	0	1	True
cell32	32	8	4	84	86	0	0	0	False
cell32	32	8	5	87	89	1	0	1	True
cell32	32	8	6	90	243	1	1	2	False
cell32	32	8	7	244	497	1	1	2	False
cell33	33	7	0	0	46	1	1	2	False
cell33	33	7	1	47	74	2	1	3	False
cell33	33	7	2	75	80	2	0	2	True
cell33	33	7	3	81	83	1	0	1	True
cell33	33	7	4	84	86	0	0	0	False
cell33	33	7	5	87	89	1	0	1	True
cell33	33	7	6	90	243	1	1	2	False
cell33	33	7	7	244	497	1	1	2	False
cell34	34	3	0	0	46	1	2	3	False
cell34	34	3	1	47	74	1	2	3	False
cell34	34	3	2	75	80	1	2	3	False
cell34	34	3	3	81	83	1	2	3	False
cell34	34	3	4	84	86	1	2	3	False
cell34	34	3	5	87	89	1	2	3	False
cell34	34	3	6	90	243	1	2	3	False
cell34	34	3	7	244	497	1	1	2	False
cell35	35	3	0	0	46	1	2	3	False
cell35	35	3	1	47	74	1	2	3	False
cell35	35	3	2	75	80	1	2	3	False
cell35	35	3	3	81	83	1	2	3	False
cell35	35	3	4	84	86	1	2	3	False
cell35	35	3	5	87	89	1	2	3	False
cell35	35	3	6	90	243	1	2	3	False
cell35	35	3	7	244	497	1	1	2	False
cell36	36	3	0	0	46	1	2	3	False
cell36	36	3	1	47	74	1	2	3	False
cell36	36	3	2	75	80	1	2	3	False
cell36	36	3	3	81	83	1	2	3	False
cell36	36	3	4	84	86	1	2	3	False
cell36	36	3	5	87	89	1	2	3	False
cell36	36	3	6	90	243	1	2	3	False
cell36	36	3	7	244	497	1	1	2	False
cell37	37	5	0	0	46	1	1	2	False
cell37	37	5	1	47	74	2	1	3	False
cell37	37	5	2	75	80	2	0	2	True
cell37	37	5	3	81	83	1	0	1	True
cell37	37	5	4	84	86	1	0	1	True
cell37	37	5	5	87	89	1	0	1	True
cell37	37	5	6	90	243	1	1	2	False
cell37	37	5	7	244	497	1	1	2	False
cell38	38	3	0	0	46	1	2	3	False
cell38	38	3	1	47	74	1	2	3	False
cell38	38	3	2	75	80	1	2	3	False
cell38	38	3	3	81	83	1	2	3	False
cell38	38	3	4	84	86	1	2	3	False
cell38	38	3	5	87	89	1	2	3	False
cell38	38	3	6	90	243	1	2	3	False
cell38	38	3	7	244	497	1	1	2	False
cell39	39	4	0	0	46	1	2	3	False
cell39	39	4	1	47	74	1	2	3	False
cell39	39	4	2	75	80	1	2	3	False
cell39	39	4	3	81	83	1	2	3	False
cell39	39	4	4	84	86	1	2	3	False
cell39	39	4	5	87	89	1	2	3	False
cell39	39	4	6	90	243	1	2	3	False
cell39	39	4	7	244	497	1	1	2	False
cell40	40	3	0	0	46	1	2	3	False
cell40	40	3	1	47	74	1	2	3	False
cell40	40	3	2	75	80	1	2	3	False
cell40	40	3	3	81	83	1	2	3	False
cell40	40	3	4	84	86	1	2	3	False
cell40	40	3	5	87	89	1	2	3	False
cell40	40	3	6	90	243	1	2	3	False
cell40	40	3	7	244	497	1	1	2	False
cell41	41	3	0	0	46	1	2	3	False
cell41	41	3	1	47	74	1	2	3	False
cell41	41	3	2	75	80	1	2	3	False
cell41	41	3	3	81	83	1	2	3	False
cell41	41	3	4	84	86	1	2	3	False
cell41	41	3	5	87	89	1	2	3	False
cell41	41	3	6	90	243	1	2	3	False
cell41	41	3	7	244	497	1	1	2	False
cell42	42	3	0	0	46	1	2	3	False
cell42	42	3	1	47	74	1	2	3	False
cell42	42	3	2	75	80	1	2	3	False
cell42	42	3	3	81	83	1	2	3	False
cell42	42	3	4	84	86	1	2	3	False
cell42	42	3	5	87	89	1	2	3	False
cell42	42	3	6	90	243	1	2	3	False
cell42	42	3	7	244	497	1	1	2	False
cell43	43	4	0	0	46	1	2	3	False
cell43	43	4	1	47	74	1	2	3	False
cell43	43	4	2	75	80	1	2	3	False
cell43	43	4	3	81	83	1	2	3	False
cell43	43	4	4	84	86	1	2	3	False
cell43	43	4	5	87	89	1	2	3	False
cell43	43	4	6	90	243	1	2	3	False
cell43	43	4	7	244	497	1	1	2	False
cell44	44	3	0	0	46	1	2	3	False
cell44	44	3	1	47	74	1	2	3	False
cell44	44	3	2	75	80	1	2	3	False
cell44	44	3	3	81	83	1	2	3	False
cell44	44	3	4	84	86	1	2	3	False
cell44	44	3	5	87	89	1	2	3	False
cell44	44	3	6	90	243	1	2	3	False
cell44	44	3	7	244	497	1	1	2	False
cell45	45	3	0	0	46	1	2	3	False
cell45	45	3	1	47	74	1	2	3	False
cell45	45	3	2	75	80	1	2	3	False
cell45	45	3	3	81	83	1	2	3	False
cell45	45	3	4	84	86	1	2	3	False
cell45	45	3	5	87	89	1	2	3	False
cell45	45	3	6	90	243	1	2	3	False
cell45	45	3	7	244	497	1	1	2	False
cell46	46	5	0	0	46	1	1	2	False
cell46	46	5	1	47	74	2	1	3	False
cell46	46	5	2	75	80	2	0	2	True
cell46	46	5	3	81	83	1	0	1	True
cell46	46	5	4	84	86	1	0	1	True
cell46	46	5	5	87	89	1	0	1	True
cell46	46	5	6	90	243	1	1	2	False
cell46	46	5	7	244	497	1	1	2	False
cell47	47	3	0	0	46	1	2	3	False
cell47	47	3	1	47	74	1	2	3	False
cell47	47	3	2	75	80	1	2	3	False
cell47	47	3	3	81	83	1	2	3	False
cell47	47	3	4	84	86	1	2	3	False
cell47	47	3	5	87	89	1	2	3	False
cell47	47	3	6	90	243	1	2	3	False
cell47	47	3	7	244	497	1	1	2	False
cell48	48	3	0	0	46	1	2	3	False
cell48	48	3	1	47	74	1	2	3	False
cell48	48	3	2	75	80	1	2	3	False
cell48	48	3	3	81	83	1	2	3	False
cell48	48	3	4	84	86	1	2	3	False
cell48	48	3	5	87	89	1	2	3	False
cell48	48	3	6	90	243	1	2	3	False
cell48	48	3	7	244	497	1	1	2	False
cell49	49	3	0	0	46	1	2	3	False
cell49	49	3	1	47	74	1	2	3	False
cell49	49	3	2	75	80	1	2	3	False
cell49	49	3	3	81	83	1	2	3	False
cell49	49	3	4	84	86	1	2	3	False
cell49	49	3	5	87	89	1	2	3	False
cell49	49	3	6	90	243	1	2	3	False
cell49	49	3	7	244	497	1	1	2	False
cell50	50	4	0	0	46	1	2	3	False
cell50	50	4	1	47	74	1	2	3	False
cell50	50	4	2	75	80	1	2	3	False
cell50	50	4	3	81	83	1	2	3	False
cell50	50	4	4	84	86	1	2	3	False
cell50	50	4	5	87	89	1	2	3	False
cell50	50	4	6	90	243	1	2	3	False
cell50	50	4	7	244	497	1	1	2	False
cell51	51	3	0	0	46	1	2	3	False
cell51	51	3	1	47	74	1	2	3	False
cell51	51	3	2	75	80	1	2	3	False
cell51	51	3	3	81	83	1	2	3	False
cell51	51	3	4	84	86	1	2	3	False
cell51	51	3	5	87	89	1	2	3	False
cell51	51	3	6	90	243	1	2	3	False
cell51	51	3	7	244	497	1	1	2	False
cell52	52	8	0	0	46	1	1	2	False
cell52	52	8	1	47	74	2	1	3	False
cell52	52	8	2	75	80	2	0	2	True
cell52	52	8	3	81	83	1	0	1	True
cell52	52	8	4	84	86	0	0	0	False
cell52	52	8	5	87	89	1	0	1	True
cell52	52	8	6	90	243	1	1	2	False
cell52	52	8	7	244	497	1	1	2	False
cell53	53	3	0	0	46	1	2	3	False
cell53	53	3	1	47	74	1	2	3	False
cell53	53	3	2	75	80	1	2	3	False
cell53	53	3	3	81	83	1	2	3	False
cell53	53	3	4	84	86	1	2	3	False
cell53	53	3	5	87	89	1	2	3	False
cell53	53	3	6	90	243	1	2	3	False
cell53	53	3	7	244	497	1	1	2	False
cell54	54	8	0	0	46	1	1	2	False
cell54	54	8	1	47	74	2	1	3	False
cell54	54	8	2	75	80	2	0	2	True
cell54	54	8	3	81	83	1	0	1	True
cell54	54	8	4	84	86	0	0	0	False
cell54	54	8	5	87	89	1	0	1	True
cell54	54	8	6	90	243	1	1	2	False
cell54	54	8	7	244	497	1	1	2	False
cell55	55	4	0	0	46	1	2	3	False
cell55	55	4	1	47	74	1	2	3	False
cell55	55	4	2	75	80	1	2	3	False
cell55	55	4	3	81	83	1	2	3	False
cell55	55	4	4	84	86	1	2	3	False
cell55	55	4	5	87	89	1	2	3	False
cell55	55	4	6	90	243	1	2	3	False
cell55	55	4	7	244	497	1	1	2	False
cell56	56	3	0	0	46	1	2	3	False
cell56	56	3	1	47	74	1	2	3	False
cell56	56	3	2	75	80	1	2	3	False
cell56	56	3	3	81	83	1	2	3	False
cell56	56	3	4	84	86	1	2	3	False
cell56	56	3	5	87	89	1	2	3	False
cell56	56	3	6	90	243	1	2	3	False
cell56	56	3	7	244	497	1	1	2	False
cell57	57	4	0	0	46	1	2	3	False
cell57	57	4	1	47	74	1	2	3	False
cell57	57	4	2	75	80	1	2	3	False
cell57	57	4	3	81	83	1	2	3	False
cell57	57	4	4	84	86	1	2	3	False
cell57	57	4	5	87	89	1	2	3	False
cell57	57	4	6	90	243	1	2	3	False
cell57	57	4	7	244	497	1	1	2	False
cell58	58	4	0	0	46	1	2	3	False
cell58	58	4	1	47	74	1	2	3	False
cell58	58	4	2	75	80	1	2	3	False
cell58	58	4	3	81	83	1	2	3	False
cell58	58	4	4	84	86	1	2	3	False
cell58	58	4	5	87	89	1	2	3	False
cell58	58	4	6	90	243	1	2	3	False
cell58	58	4	7	244	497	1	1	2	False
cell59	59	8	0	0	46	1	1	2	False
cell59	59	8	1	47	74	2	1	3	False
cell59	59	8	2	75	80	2	0	2	True
cell59	59	8	3	81	83	1	0	1	True
cell59	59	8	4	84	86	0	0	0	False
cell59	59	8	5	87	89	1	0	1	True
cell59	59	8	6	90	243	1	1	2	False
cell59	59	8	7	244	497	1	1	2	False
cell60	60	3	0	0	46	1	2	3	False
cell60	60	3	1	47	74	1	2	3	False
cell60	60	3	2	75	80	1	2	3	False
cell60	60	3	3	81	83	1	2	3	False
cell60	60	3	4	84	86	1	2	3	False
cell60	60	3	5	87	89	1	2	3	False
cell60	60	3	6	90	243	1	2	3	False
cell60	60	3	7	244	497	1	1	2	False
cell61	61	3	0	0	46	1	2	3	False
cell61	61	3	1	47	74	1	2	3	False
cell61	61	3	2	75	80	1	2	3	False
cell61	61	3	3	81	83	1	2	3	False
cell61	61	3	4	84	86	1	2	3	False
cell61	61	3	5	87	89	1	2	3	False
cell61	61	3	6	90	243	1	2	3	False
cell61	61	3	7	244	497	1	1	2	False
cell62	62	3	0	0	46	1	2	3	False
cell62	62	3	1	47	74	1	2	3	False
cell62	62	3	2	75	80	1	2	3	False
cell62	62	3	3	81	83	1	2	3	False
cell62	62	3	4	84	86	1	2	3	False
cell62	62	3	5	87	89	1	2	3	False
cell62	62	3	6	90	243	1	2	3	False
cell62	62	3	7	244	497	1	1	2	False
cell63	63	3	0	0	46	1	2	3	False
cell63	63	3	1	47	74	1	2	3	False
cell63	63	3	2	75	80	1	2	3	False
cell63	63	3	3	81	83	1	2	3	False
cell63	63	3	4	84	86	1	2	3	False
cell63	63	3	5	87	89	1	2	3	False
cell63	63	3	6	90	243	1	2	3	False
cell63	63	3	7	244	497	1	1	2	False
cell64	64	3	0	0	46	1	2	3	False
cell64	64	3	1	47	74	1	2	3	False
cell64	64	3	2	75	80	1	2	3	False
cell64	64	3	3	81	83	1	2	3	False
cell64	64	3	4	84	86	1	2	3	False
cell64	64	3	5	87	89	1	2	3	False
cell64	64	3	6	90	243	1	2	3	False
cell64	64	3	7	244	497	1	1	2	False
cell65	65	3	0	0	46	1	2	3	False
cell65	65	3	1	47	74	1	2	3	False
cell65	65	3	2	75	80	1	2	3	False
cell65	65	3	3	81	83	1	2	3	False
cell65	65	3	4	84	86	1	2	3	False
cell65	65	3	5	87	89	1	2	3	False
cell65	65	3	6	90	243	1	2	3	False
cell65	65	3	7	244	497	1	1	2	False
cell66	66	3	0	0	46	1	2	3	False
cell66	66	3	1	47	74	1	2	3	False
cell66	66	3	2	75	80	1	2	3	False
cell66	66	3	3	81	83	1	2	3	False
cell66	66	3	4	84	86	1	2	3	False
cell66	66	3	5	87	89	1	2	3	False
cell66	66	3	6	90	243	1	2	3	False
cell66	66	3	7	244	497	1	1	2	False
cell67	67	3	0	0	46	1	2	3	False
cell67	67	3	1	47	74	1	2	3	False
cell67	67	3	2	75	80	1	2	3	False
cell67	67	3	3	81	83	1	2	3	False
cell67	67	3	4	84	86	1	2	3	False
cell67	67	3	5	87	89	1	2	3	False
cell67	67	3	6	90	243	1	2	3	False
cell67	67	3	7	244	497	1	1	2	False
cell68	68	3	0	0	46	1	2	3	False
cell68	68	3	1	47	74	1	2	3	False
cell68	68	3	2	75	80	1	2	3	False
cell68	68	3	3	81	83	1	2	3	False
cell68	68	3	4	84	86	1	2	3	False
cell68	68	3	5	87	89	1	2	3	False
cell68	68	3	6	90	243	1	2	3	False
cell68	68	3	7	244	497	1	1	2	False
cell69	69	4	0	0	46	1	2	3	False
cell69	69	4	1	47	74	1	2	3	False
cell69	69	4	2	75	80	1	2	3	False
cell69	69	4	3	81	83	1	2	3	False
cell69	69	4	4	84	86	1	2	3	False
cell69	69	4	5	87	89	1	2	3	False
cell69	69	4	6	90	243	1	2	3	False
cell69	69	4	7	244	497	1	1	2	False
cell70	70	4	0	0	46	1	2	3	False
cell70	70	4	1	47	74	1	2	3	False
cell70	70	4	2	75	80	1	2	3	False
cell70	70	4	3	81	83	1	2	3	False
cell70	70	4	4	84	86	1	2	3	False
cell70	70	4	5	87	89	1	2	3	False
cell70	70	4	6	90	243	1	2	3	False
cell70	70	4	7	244	497	1	1	2	False
cell71	71	3	0	0	46	1	2	3	False
cell71	71	3	1	47	74	1	2	3	False
cell71	71	3	2	75	80	1	2	3	False
cell71	71	3	3	81	83	1	2	3	False
cell71	71	3	4	84	86	1	2	3	False
cell71	71	3	5	87	89	1	2	3	False
cell71	71	3	6	90	243	1	2	3	False
cell71	71	3	7	244	497	1	1	2	False
cell72	72	3	0	0	46	1	2	3	False
cell72	72	3	1	47	74	1	2	3	False
cell72	72	3	2	75	80	1	2	3	False
cell72	72	3	3	81	83	1	2	3	False
cell72	72	3	4	84	86	1	2	3	False
cell72	72	3	5	87	89	1	2	3	False
cell72	72	3	6	90	243	1	2	3	False
cell72	72	3	7	244	497	1	1	2	False
cell73	73	8	0	0	46	1	1	2	False
cell73	73	8	1	47	74	2	1	3	False
cell73	73	8	2	75	80	2	0	2	True
cell73	73	8	3	81	83	1	0	1	True
cell73	73	8	4	84	86	0	0	0	False
cell73	73	8	5	87	89	1	0	1	True
cell73	73	8	6	90	243	1	1	2	False
cell73	73	8	7	244	497	1	1	2	False
cell74	74	3	0	0	46	1	2	3	False
cell74	74	3	1	47	74	1	2	3	False
cell74	74	3	2	75	80	1	2	3	False
cell74	74	3	3	81	83	1	2	3	False
cell74	74	3	4	84	86	1	2	3	False
cell74	74	3	5	87	89	1	2	3	False
cell74	74	3	6	90	243	1	2	3	False
cell74	74	3	7	244	497	1	1	2	False
cell75	75	3	0	0	46	1	2	3	False
cell75	75	3	1	47	74	1	2	3	False
cell75	75	3	2	75	80	1	2	3	False
cell75	75	3	3	81	83	1	2	3	False
cell75	75	3	4	84	86	1	2	3	False
cell75	75	3	5	87	89	1	2	3	False
cell75	75	3	6	90	243	1	2	3	False
cell75	75	3	7	244	497	1	1	2	False
cell76	76	3	0	0	46	1	2	3	False
cell76	76	3	1	47	74	1	2	3	False
cell76	76	3	2	75	80	1	2	3	False
cell76	76	3	3	81	83	1	2	3	False
cell76	76	3	4	84	86	1	2	3	False
cell76	76	3	5	87	89	1	2	3	False
cell76	76	3	6	90	243	1	2	3	False
cell76	76	3	7	244	497	1	1	2	False
cell77	77	3	0	0	46	1	2	3	False
cell77	77	3	1	47	74	1	2	3	False
cell77	77	3	2	75	80	1	2	3	False
cell77	77	3	3	81	83	1	2	3	False
cell77	77	3	4	84	86	1	2	3	False
cell77	77	3	5	87	89	1	2	3	False
cell77	77	3	6	90	243	1	2	3	False
cell77	77	3	7	244	497	1	1	2	False
cell78	78	3	0	0	46	1	2	3	False
cell78	78	3	1	47	74	1	2	3	False
cell78	78	3	2	75	80	1	2	3	False
cell78	78	3	3	81	83	1	2	3	False
cell78	78	3	4	84	86	1	2	3	False
cell78	78	3	5	87	89	1	2	3	False
cell78	78	3	6	90	243	1	2	3	False
cell78	78	3	7	244	497	1	1	2	False
cell79	79	4	0	0	46	1	2	3	False
cell79	79	4	1	47	74	1	2	3	False
cell79	79	4	2	75	80	1	2	3	False
cell79	79	4	3	81	83	1	2	3	False
cell79	79	4	4	84	86	1	2	3	False
cell79	79	4	5	87	89	1	2	3	False
cell79	79	4	6	90	243	1	2	3	False
cell79	79	4	7	244	497	1	1	2	False
cell80	80	3	0	0	46	1	2	3	False
cell80	80	3	1	47	74	1	2	3	False
cell80	80	3	2	75	80	1	2	3	False
cell80	80	3	3	81	83	1	2	3	False
cell80	80	3	4	84	86	1	2	3	False
cell80	80	3	5	87	89	1	2	3	False
cell80	80	3	6	90	243	1	2	3	False
cell80	80	3	7	244	497	1	1	2	False
cell81	81	3	0	0	46	1	2	3	False
cell81	81	3	1	47	74	1	2	3	False
cell81	81	3	2	75	80	1	2	3	False
cell81	81	3	3	81	83	1	2	3	False
cell81	81	3	4	84	86	1	2	3	False
cell81	81	3	5	87	89	1	2	3	False
cell81	81	3	6	90	243	1	2	3	False
cell81	81	3	7	244	497	1	1	2	False
cell82	82	7	0	0	46	1	1	2	False
cell82	82	7	1	47	74	2	1	3	False
cell82	82	7	2	75	80	2	0	2	True
cell82	82	7	3	81	83	1	0	1	True
cell82	82	7	4	84	86	0	0	0	False
cell82	82	7	5	87	89	1	0	1	True
cell82	82	7	6	90	243	1	1	2	False
cell82	82	7	7	244	497	1	1	2	False
cell83	83	4	0	0	46	1	2	3	False
cell83	83	4	1	47	74	1	2	3	False
cell83	83	4	2	75	80	1	2	3	False
cell83	83	4	3	81	83	1	2	3	False
cell83	83	4	4	84	86	1	2	3	False
cell83	83	4	5	87	89	1	2	3	False
cell83	83	4	6	90	243	1	2	3	False
cell83	83	4	7	244	497	1	1	2	False
cell84	84	3	0	0	46	1	2	3	False
cell84	84	3	1	47	74	1	2	3	False
cell84	84	3	2	75	80	1	2	3	False
cell84	84	3	3	81	83	1	2	3	False
cell84	84	3	4	84	86	1	2	3	False
cell84	84	3	5	87	89	1	2	3	False
cell84	84	3	6	90	243	1	2	3	False
cell84	84	3	7	244	497	1	1	2	False
cell85	85	3	0	0	46	1	2	3	False
cell85	85	3	1	47	74	1	2	3	False
cell85	85	3	2	75	80	1	2	3	False
cell85	85	3	3	81	83	1	2	3	False
cell85	85	3	4	84	86	1	2	3	False
cell85	85	3	5	87	89	1	2	3	False
cell85	85	3	6	90	243	1	2	3	False
cell85	85	3	7	244	497	1	1	2	False
cell86	86	3	0	0	46	1	2	3	False
cell86	86	3	1	47	74	1	2	3	False
cell86	86	3	2	75	80	1	2	3	False
cell86	86	3	3	81	83	1	2	3	False
cell86	86	3	4	84	86	1	2	3	False
cell86	86	3	5	87	89	1	2	3	False
cell86	86	3	6	90	243	1	2	3	False
cell86	86	3	7	244	497	1	1	2	False
cell87	87	3	0	0	46	1	2	3	False
cell87	87	3	1	47	74	1	2	3	False
cell87	87	3	2	75	80	1	2	3	False
cell87	87	3	3	81	83	1	2	3	False
cell87	87	3	4	84	86	1	2	3	False
cell87	87	3	5	87	89	1	2	3	False
cell87	87	3	6	90	243	1	2	3	False
cell87	87	3	7	244	497	1	1	2	False
cell88	88	3	0	0	46	1	2	3	False
cell88	88	3	1	47	74	1	2	3	False
cell88	88	3	2	75	80	1	2	3	False
cell88	88	3	3	81	83	1	2	3	False
cell88	88	3	4	84	86	1	2	3	False
cell88	88	3	5	87	89	1	2	3	False
cell88	88	3	6	90	243	1	2	3	False
cell88	88	3	7	244	497	1	1	2	False
cell89	89	8	0	0	46	1	1	2	False
cell89	89	8	1	47	74	2	1	3	False
cell89	89	8	2	75	80	2	0	2	True
cell89	89	8	3	81	83	1	0	1	True
cell89	89	8	4	84	86	0	0	0	False
cell89	89	8	5	87	89	1	0	1	True
cell89	89	8	6	90	243	1	1	2	False
cell89	89	8	7	244	497	1	1	2	False
cell90	90	3	0	0	46	1	2	3	False
cell90	90	3	1	47	74	1	2	3	False
cell90	90	3	2	75	80	1	2	3	False
cell90	90	3	3	81	83	1	2	3	False
cell90	90	3	4	84	86	1	2	3	False
cell90	90	3	5	87	89	1	2	3	False
cell90	90	3	6	90	243	1	2	3	False
cell90	90	3	7	244	497	1	1	2	False
cell91	91	3	0	0	46	1	2	3	False
cell91	91	3	1	47	74	1	2	3	False
cell91	91	3	2	75	80	1	2	3	False
cell91	91	3	3	81	83	1	2	3	False
cell91	91	3	4	84	86	1	2	3	False
cell91	91	3	5	87	89	1	2	3	False
cell91	91	3	6	90	243	1	2	3	False
cell91	91	3	7	244	497	1	1	2	False
cell92	92	4	0	0	46	1	2	3	False
cell92	92	4	1	47	74	1	2	3	False
cell92	92	4	2	75	80	1	2	3	False
cell92	92	4	3	81	83	1	2	3	False
cell92	92	4	4	84	86	1	2	3	False
cell92	92	4	5	87	89	1	2	3	False
cell92	92	4	6	90	243	1	2	3	False
cell92	92	4	7	244	497	1	1	2	False
cell93	93	3	0	0	46	1	2	3	False
cell93	93	3	1	47	74	1	2	3	False
cell93	93	3	2	75	80	1	2	3	False
cell93	93	3	3	81	83	1	2	3	False
cell93	93	3	4	84	86	1	2	3	False
cell93	93	3	5	87	89	1	2	3	False
cell93	93	3	6	90	243	1	2	3	False
cell93	93	3	7	244	497	1	1	2	False
cell94	94	8	0	0	46	1	1	2	False
cell94	94	8	1	47	74	2	1	3	False
cell94	94	8	2	75	80	2	0	2	True
cell94	94	8	3	81	83	1	0	1	True
cell94	94	8	4	84	86	0	0	0	False
cell94	94	8	5	87	89	1	0	1	True
cell94	94	8	6	90	243	1	1	2	False
cell94	94	8	7	244	497	1	1	2	False
cell95	95	4	0	0	46	1	2	3	False
cell95	95	4	1	47	74	1	2	3	False
cell95	95	4	2	75	80	1	2	3	False
cell95	95	4	3	81	83	1	2	3	False
cell95	95	4	4	84	86	1	2	3	False
cell95	95	4	5	87	89	1	2	3	False
cell95	95	4	6	90	243	1	2	3	False
cell95	95	4	7	244	497	1	1	2	False
cell96	96	3	0	0	46	1	2	3	False
cell96	96	3	1	47	74	1	2	3	False
cell96	96	3	2	75	80	1	2	3	False
cell96	96	3	3	81	83	1	2	3	False
cell96	96	3	4	84	86	1	2	3	False
cell96	96	3	5	87	89	1	2	3	False
cell96	96	3	6	90	243	1	2	3	False
cell96	96	3	7	244	497	1	1	2	False
cell97	97	3	0	0	46	1	2	3	False
cell97	97	3	1	47	74	1	2	3	False
cell97	97	3	2	75	80	1	2	3	False
cell97	97	3	3	81	83	1	2	3	False
cell97	97	3	4	84	86	1	2	3	False
cell97	97	3	5	87	89	1	2	3	False
cell97	97	3	6	90	243	1	2	3	False
cell97	97	3	7	244	497	1	1	2	False
cell98	98	8	0	0	46	1	1	2	False
cell98	98	8	1	47	74	2	1	3	False
cell98	98	8	2	75	80	2	0	2	True
cell98	98	8	3	81	83	1	0	1	True
cell98	98	8	4	84	86	0	0	0	False
cell98	98	8	5	87	89	1	0	1	True
cell98	98	8	6	90	243	1	1	2	False
cell98	98	8	7	244	497	1	1	2	False
cell99	99	3	0	0	46	1	2	3	False
cell99	99	3	1	47	74	1	2	3	False
cell99	99	3	2	75	80	1	2	3	False
cell99	99	3	3	81	83	1	2	3	False
cell99	99	3	4	84	86	1	2	3	False
cell99	99	3	5	87	89	1	2	3	False
cell99	99	3	6	90	243	1	2	3	False
cell99	99	3	7	244	497	1	1	2	False
