tool,dataset,breakpoint_f1,clone_ari,hscn_error,loh_f1,msr,nrf_distance,tcn_mse,tree_coverage
SCICoNE,amplitude_1_0_rep42,0.4873096446700507,0.8560425234597995,,,,,0.07263157894736842,
SCICoNE,amplitude_1_0_rep43,0.4918032786885245,0.7514114718569395,,,,,0.05747058823529412,
SCICoNE,amplitude_1_0_rep44,0.3745019920318725,1.0,,,,,0.33092307692307693,
SCICoNE,amplitude_1_0_rep45,0.62882096069869,0.9958452683195511,,,,,0.12875,
SCICoNE,amplitude_1_0_rep46,0.39357429718875503,0.8781010989989542,,,,,0.07471428571428572,
SCICoNE,amplitude_4_0_rep42,0.543859649122807,1.0,,,,,0.9666666666666667,
SCICoNE,amplitude_4_0_rep43,0.6605504587155964,0.8754349537508398,,,,,0.2730851063829787,
SCICoNE,amplitude_4_0_rep44,0.5253456221198156,1.0,,,,,0.9088414634146341,
SCICoNE,amplitude_4_0_rep45,0.45643153526970953,1.0,,,,,0.6054347826086957,
SCICoNE,amplitude_4_0_rep46,0.2642857142857143,0.8217455741763163,,,,,1.8473684210526315,
SCICoNE,beta_0_1_rep42,0.37914691943127965,0.7176862653797377,,,,,0.28578125,
SCICoNE,beta_0_1_rep43,0.497737556561086,0.9899502728810694,,,,,0.2405844155844156,
SCICoNE,beta_0_1_rep44,0.4311926605504587,1.0,,,,,0.47330985915492957,
SCICoNE,beta_0_1_rep45,0.47257383966244726,1.0,,,,,0.13976470588235293,
SCICoNE,beta_0_1_rep46,0.2972972972972973,0.79941738361949,,,,,0.3087704918032787,
SCICoNE,beta_0_3_rep42,0.31970260223048325,0.806031717252732,,,,,0.3709375,
SCICoNE,beta_0_3_rep43,0.453781512605042,0.8822309236294911,,,,,0.20844155844155843,
SCICoNE,beta_0_3_rep44,0.43404255319148927,1.0,,,,,0.48795774647887324,
SCICoNE,beta_0_3_rep45,0.4786324786324786,0.9884252947291834,,,,,0.13294117647058823,
SCICoNE,beta_0_3_rep46,0.3349282296650718,0.8026243552959972,,,,,0.35008196721311474,
SCICoNE,beta_0_5_rep42,0.4059405940594059,0.7316969501157877,,,,,0.284765625,
SCICoNE,beta_0_5_rep43,0.15767634854771784,0.8079292875507751,,,,,0.4122077922077922,
SCICoNE,beta_0_5_rep44,0.4607843137254903,1.0,,,,,0.39936619718309857,
SCICoNE,beta_0_5_rep45,0.3969465648854962,1.0,,,,,0.13841176470588235,
SCICoNE,beta_0_5_rep46,0.29310344827586204,0.5742265545651886,,,,,0.3592622950819672,
SCICoNE,cells_500_rep42,0.5728643216080401,0.8827500657480334,,,,,0.40572151898734177,
SCICoNE,cells_500_rep43,0.6938775510204082,0.8504188304378456,,,,,0.18606976744186046,
SCICoNE,cells_500_rep44,0.5887850467289719,1.0,,,,,0.818906976744186,
SCICoNE,cells_500_rep45,0.4299065420560748,1.0,,,,,0.42140298507462687,
SCICoNE,cells_500_rep46,0.3733333333333333,0.8493863508092013,,,,,0.19922388059701493,
SCICoNE,cells_50_rep42,0.5352112676056338,0.799151792057888,,,,,0.5156962025316456,
SCICoNE,cells_50_rep43,0.5411764705882353,0.8289440612170804,,,,,0.18930232558139534,
SCICoNE,cells_50_rep44,0.5080645161290323,0.8519770344310912,,,,,0.8841860465116279,
SCICoNE,cells_50_rep45,0.4761904761904762,1.0,,,,,0.3582089552238806,
SCICoNE,cells_50_rep46,0.31578947368421056,0.9488339714584059,,,,,0.17044776119402985,
SCICoNE,clone_2_rep42,0.3944954128440367,1.0,,,,,0.4042063492063492,
SCICoNE,clone_2_rep43,0.36607142857142855,1.0,,,,,0.5775862068965517,
SCICoNE,clone_2_rep44,0.47567567567567576,1.0,,,,,0.4928571428571429,
SCICoNE,clone_2_rep45,0.39525691699604737,1.0,,,,,0.5084,
SCICoNE,clone_2_rep46,0.22764227642276424,0.9981752436195909,,,,,0.21840425531914895,
SCICoNE,clone_4_rep42,0.4059405940594059,0.7316969501157877,,,,,0.284765625,
SCICoNE,clone_4_rep43,0.4578313253012048,0.8883962214549852,,,,,0.27603896103896103,
SCICoNE,clone_4_rep44,0.4607843137254903,1.0,,,,,0.39936619718309857,
SCICoNE,clone_4_rep45,0.3969465648854962,1.0,,,,,0.13841176470588235,
SCICoNE,clone_4_rep46,0.29310344827586204,0.5742265545651886,,,,,0.3592622950819672,
SCICoNE,clone_8_rep42,0.4014598540145985,0.8666574000546023,,,,,0.18018987341772152,
SCICoNE,clone_8_rep43,0.4166666666666667,0.9264343254199732,,,,,0.08652439024390243,
SCICoNE,clone_8_rep44,0.3565891472868217,0.7063817518504364,,,,,0.1563235294117647,
SCICoNE,clone_8_rep45,0.3967611336032389,0.9014386243309539,,,,,0.15034722222222222,
SCICoNE,clone_8_rep46,0.41295546558704455,0.3635829024471939,,,,,0.3555921052631579,
SCICoNE,events_10_rep42,0.12269938650306751,0.4840533871371376,,,,,0.08424242424242424,
SCICoNE,events_10_rep43,0.2336448598130841,0.8708296838181956,,,,,0.157,
SCICoNE,events_10_rep44,0.17316017316017313,0.9517963210971743,,,,,0.03782051282051282,
SCICoNE,events_10_rep45,0.11235955056179776,0.737684010795144,,,,,0.10388888888888889,
SCICoNE,events_10_rep46,0.15319148936170215,0.7319573207153232,,,,,0.06275,
SCICoNE,events_80_rep42,0.6909090909090909,0.870917368930569,,,,,0.7881386861313868,
SCICoNE,events_80_rep43,0.6713780918727915,0.854435966990095,,,,,0.5229432624113475,
SCICoNE,events_80_rep44,0.746031746031746,1.0,,,,,0.9758461538461538,
SCICoNE,events_80_rep45,0.6992481203007519,1.0,,,,,0.5150393700787401,
SCICoNE,events_80_rep46,0.5577689243027888,0.8416567406758045,,,,,0.2987378640776699,
SCICoNE,focal_0_3_rep42,0.4454976303317536,1.0,,,,,0.429,
SCICoNE,focal_0_3_rep43,0.4800000000000001,0.8796194238043535,,,,,0.3325862068965517,
SCICoNE,focal_0_3_rep44,0.4976958525345622,1.0,,,,,1.156060606060606,
SCICoNE,focal_0_3_rep45,0.5608465608465608,1.0,,,,,0.7223770491803279,
SCICoNE,focal_0_3_rep46,0.37433155080213903,0.7993767013994725,,,,,0.8808333333333334,
SCICoNE,focal_1_0_rep42,0.48962655601659755,0.8818741234301776,,,,,0.31542553191489364,
SCICoNE,focal_1_0_rep43,0.3610108303249097,0.8883962214549852,,,,,0.2985294117647059,
SCICoNE,focal_1_0_rep44,0.3984962406015038,1.0,,,,,0.5595604395604395,
SCICoNE,focal_1_0_rep45,0.5984251968503937,1.0,,,,,0.18615079365079365,
SCICoNE,focal_1_0_rep46,0.3821138211382114,0.6252042960067086,,,,,0.1413095238095238,
SCICoNE,normal_0_0_rep42,0.5572139303482587,0.8619731520368965,,,,,0.46360759493670883,
SCICoNE,normal_0_0_rep43,0.6442307692307692,1.0,,,,,0.22273255813953488,
SCICoNE,normal_0_0_rep44,0.6095238095238096,1.0,,,,,0.8302325581395349,
SCICoNE,normal_0_0_rep45,0.36290322580645157,1.0,,,,,0.40432835820895524,
SCICoNE,normal_0_0_rep46,0.3870967741935483,1.0,,,,,0.10835820895522388,
SCICoNE,normal_0_3_rep42,0.5263157894736842,0.857272071626947,,,,,0.3881012658227848,
SCICoNE,normal_0_3_rep43,0.6388888888888888,0.6667535194095704,,,,,0.14348837209302326,
SCICoNE,normal_0_3_rep44,0.5526315789473685,1.0,,,,,0.7476744186046511,
SCICoNE,normal_0_3_rep45,0.4577114427860696,1.0,,,,,0.2506716417910448,
SCICoNE,normal_0_3_rep46,0.33699633699633696,0.7158637238348329,,,,,0.1355223880597015,
SEACON,amplitude_1_0_rep42,0.14492753623188404,0.32517378380827444,0.7020394736842105,0.8046218487394958,1.0,,,
SEACON,amplitude_1_0_rep43,0.6433566433566433,0.41792268281322775,0.47858823529411765,0.9139987445072192,0.0,,,
SEACON,amplitude_1_0_rep44,0.08735632183908046,0.2731147432388421,1.5478461538461539,0.9215740999162711,1.0,,,
SEACON,amplitude_1_0_rep45,0.6760563380281691,0.715815869220918,0.13423076923076924,0.8942440521872601,0.5,,,
SEACON,amplitude_1_0_rep46,0.0910344827586207,0.38168938966425014,1.0996428571428571,0.889896373056995,1.0,,,
SEACON,amplitude_4_0_rep42,0.19076005961251868,0.6278907939756867,0.6810752688172043,0.902506963788301,0.5,,,
SEACON,amplitude_4_0_rep43,0.7294117647058823,0.5654378278038505,0.461968085106383,0.8837494883340156,0.0,,,
SEACON,amplitude_4_0_rep44,0.20190476190476192,0.3137845419699715,1.7975609756097561,0.8387978142076503,,,,
SEACON,amplitude_4_0_rep45,0.631578947368421,0.4953634735450178,0.7029347826086957,0.8176758306628437,0.6666666666666666,,,
SEACON,amplitude_4_0_rep46,0.6153846153846153,0.5938250941675657,0.7733552631578947,0.7448539971278123,,,,
SEACON,beta_0_1_rep42,0.2753623188405797,0.3286628851195717,0.50125,0.9341242585076491,0.8,,,
SEACON,beta_0_1_rep43,0.6417910447761194,0.259170565919162,0.4027272727272727,0.8449559918754233,,,,
SEACON,beta_0_1_rep44,0.38333333333333336,0.3007217308465112,1.455774647887324,0.9070772555375474,0.6666666666666666,,,
SEACON,beta_0_1_rep45,0.7543859649122807,0.6096791165372819,0.4166470588235294,0.8628055494384497,1.0,,,
SEACON,beta_0_1_rep46,0.7294117647058824,0.5975257012609451,1.0298360655737704,0.6353944562899786,,,,
SEACON,beta_0_3_rep42,0.28571428571428575,0.5451336458700994,0.568671875,0.9227311042427648,0.42857142857142855,,,
SEACON,beta_0_3_rep43,0.6478873239436619,0.18327199255315008,0.7139610389610389,0.8719948018193632,,,,
SEACON,beta_0_3_rep44,0.13202247191011238,0.30516737000610805,1.0633098591549295,0.9075810340208947,0.6666666666666666,,,
SEACON,beta_0_3_rep45,0.7478260869565218,0.7414747361125948,0.34511764705882353,0.8741949334478316,1.0,,,
SEACON,beta_0_3_rep46,0.7654320987654322,0.3885731529513356,1.0077868852459015,0.5972369819341127,,,,
SEACON,beta_0_5_rep42,0.2611683848797251,0.2549951276161692,1.30140625,0.903869407496977,1.0,,,
SEACON,beta_0_5_rep43,0.8333333333333334,0.2285837129592718,0.4755844155844156,0.8493827160493828,,,,
SEACON,beta_0_5_rep44,0.1116751269035533,0.2999358107406793,1.4487323943661972,0.9186449719925313,0.6666666666666666,,,
SEACON,beta_0_5_rep45,0.7478260869565218,0.7670499092364237,0.3029411764705882,0.8823900694298338,1.0,,,
SEACON,beta_0_5_rep46,0.4689655172413793,0.3502384188218995,1.4864754098360655,0.6788813886210222,,,,
SEACON,cells_500_rep42,0.05004389815627743,0.706218392209868,1.410126582278481,0.9200893624334078,0.9411764705882353,,,
SEACON,cells_500_rep43,0.08076923076923079,0.5195103841929363,0.6941627906976744,0.9459661354581673,0.6,,,
SEACON,cells_500_rep44,0.034688346883468835,0.9535764178571388,1.738186046511628,0.9397022598264967,0.3333333333333333,,,
SEACON,cells_500_rep45,0.05462445685909373,0.5662050125021396,0.6731940298507463,0.9530868356775879,,,,
SEACON,cells_500_rep46,0.12371134020618557,0.41548831096617883,0.8308955223880597,0.8720412884854957,1.0,,,
SEACON,cells_50_rep42,0.7580645161290324,0.4611945916455557,0.8617721518987341,0.8729184925503944,1.0,,,
SEACON,cells_50_rep43,0.8503937007874015,0.6192759702690221,0.35953488372093023,0.8501362397820164,0.2,,,
SEACON,cells_50_rep44,0.7737226277372263,0.41887116289730236,0.6551162790697674,0.8525714285714285,0.6666666666666666,,,
SEACON,cells_50_rep45,0.7526881720430108,0.4213147628477664,0.5408955223880597,0.9059288537549408,,,,
SEACON,cells_50_rep46,0.7252747252747253,0.37089871611982883,1.1346268656716418,0.7709677419354838,1.0,,,
SEACON,clone_2_rep42,0.1837837837837838,0.7537379728254165,2.795714285714286,0.850020104543627,,,,
SEACON,clone_2_rep43,0.15816326530612243,-0.03891107018446872,1.5505172413793102,0.9657210401891254,,,,
SEACON,clone_2_rep44,0.07094918504314476,0.17850427884919134,1.0455555555555556,0.9476405946994183,1.0,,,
SEACON,clone_2_rep45,0.0966702470461869,0.6526150707924304,2.728466666666667,0.8830424589736912,0.75,,,
SEACON,clone_2_rep46,0.5660377358490566,-0.08950021894997054,0.9164893617021277,0.9201451905626135,,,,
SEACON,clone_4_rep42,0.25,0.2618614076859113,1.816171875,0.9052950075642966,1.0,,,
SEACON,clone_4_rep43,0.5974025974025974,0.26230992275968396,0.7201298701298702,0.8806783767413687,,,,
SEACON,clone_4_rep44,0.3111111111111111,0.35639301056380457,0.8883098591549295,0.9077669902912622,0.6666666666666666,,,
SEACON,clone_4_rep45,0.7226890756302521,0.5583189053483076,0.367,0.8806913996627318,1.0,,,
SEACON,clone_4_rep46,0.32323232323232326,0.3686736554698481,1.5268852459016393,0.6408730158730159,,,,
SEACON,clone_8_rep42,0.5833333333333334,0.28806330797283414,0.839873417721519,0.799073537927041,0.75,,,
SEACON,clone_8_rep43,0.6373626373626374,0.7058694653737644,0.22859756097560976,0.9135654261704682,1.0,,,
SEACON,clone_8_rep44,0.11428571428571427,0.23093551066436496,1.2491911764705883,0.8456425406203841,0.5,,,
SEACON,clone_8_rep45,0.09126984126984128,0.561690280135918,0.7028472222222222,0.9152542372881356,0.0,,,
SEACON,clone_8_rep46,0.1181818181818182,0.18904420283685885,2.8120394736842105,0.882734236888627,,,,
SEACON,events_10_rep42,0.03636363636363636,0.5154194036449591,0.08833333333333333,0.8816666666666667,0.0,,,
SEACON,events_10_rep43,0.923076923076923,0.08918273117713055,0.895375,0.9540229885057471,,,,
SEACON,events_10_rep44,0.5909090909090909,0.4180514701571172,1.0125641025641026,0.8754285714285714,,,,
SEACON,events_10_rep45,0.8148148148148148,0.5889878069435072,0.23652777777777778,0.6666666666666667,,,,
SEACON,events_10_rep46,0.12903225806451613,0.17982393308831884,0.663625,0.6878727634194831,,,,
SEACON,events_80_rep42,0.6690647482014388,0.3119148931840147,1.2225912408759123,0.8285435419151935,0.8,,,
SEACON,events_80_rep43,0.2369337979094077,0.48516281373872505,0.645531914893617,0.8989696239796601,0.16666666666666666,,,
SEACON,events_80_rep44,0.2291407222914072,0.6993768984022606,0.7014615384615385,0.9174518639901679,0.6521739130434783,,,
SEACON,events_80_rep45,0.1418867924528302,0.6738708004816465,0.6511811023622047,0.9257717655220258,0.918918918918919,,,
SEACON,events_80_rep46,0.7631578947368421,0.6061336682862013,1.2390291262135922,0.7867036011080332,1.0,,,
SEACON,focal_0_3_rep42,0.08117249154453214,0.5565919462324191,2.1144166666666666,0.9321141590468274,0.6666666666666666,,,
SEACON,focal_0_3_rep43,0.9090909090909091,0.6455205152038241,0.4736206896551724,0.9380315917375457,0.0,,,
SEACON,focal_0_3_rep44,0.1033112582781457,0.7615265199476515,0.49446969696969695,0.9590429845904298,0.6,,,
SEACON,focal_0_3_rep45,0.12687813021702835,0.6840798638492211,0.9452459016393443,0.9498029809833818,0.9545454545454546,,,
SEACON,focal_0_3_rep46,0.09843400447427293,0.6204786037182435,0.3334375,0.9475758770201025,1.0,,,
SEACON,focal_1_0_rep42,0.3462532299741602,0.20907943667411996,1.297659574468085,0.8892850069320657,1.0,,,
SEACON,focal_1_0_rep43,0.7591240875912408,0.5991181234585214,0.7338823529411764,0.717891194615816,,,,
SEACON,focal_1_0_rep44,0.5507246376811594,0.4369655870905097,1.0225824175824176,0.8132530120481928,,,,
SEACON,focal_1_0_rep45,0.5745454545454545,0.4534386212403279,0.5292460317460318,0.8060641858633588,0.0,,,
SEACON,focal_1_0_rep46,0.7222222222222221,0.2968557685544341,0.6356547619047619,0.4960806270996641,,,,
SEACON,normal_0_0_rep42,0.1366120218579235,0.268162317752068,1.114367088607595,0.8848651840188938,0.9,,,
SEACON,normal_0_0_rep43,0.8148148148148148,0.15835086580307273,0.6808720930232558,0.8589435774309724,0.75,,,
SEACON,normal_0_0_rep44,0.1265560165975104,0.4398535421121687,0.9219767441860465,0.8838444820091765,0.5833333333333334,,,
SEACON,normal_0_0_rep45,0.2679127725856698,0.4660206603468867,0.7047014925373134,0.9049250535331905,,,,
SEACON,normal_0_0_rep46,0.20192307692307693,0.4948225095373085,0.6577611940298508,0.8773800456968774,1.0,,,
SEACON,normal_0_3_rep42,0.27450980392156865,0.546446071977037,0.4175949367088608,0.8830359671481167,1.0,,,
SEACON,normal_0_3_rep43,0.847457627118644,0.34458028946326125,1.2599418604651162,0.8494921514312096,1.0,,,
SEACON,normal_0_3_rep44,0.12949640287769784,0.5191152253914223,1.225813953488372,0.8550084889643462,0.6666666666666666,,,
SEACON,normal_0_3_rep45,0.7777777777777778,0.46654498336695727,0.9667164179104477,0.8760012816404998,,,,
SEACON,normal_0_3_rep46,0.489795918367347,0.5370923293341425,0.4698507462686567,0.8060220034742328,1.0,,,
Alleloscope,amplitude_1_0_rep42,,0.8694,0.2484,0.5212,,,,
Alleloscope,amplitude_1_0_rep43,,0.8322,0.1389,0.4615,,,,
Alleloscope,amplitude_1_0_rep44,,1,0.2976,0.6133,,,,
Alleloscope,amplitude_1_0_rep45,,0.8655,0.2504,0.5185,,,,
Alleloscope,amplitude_1_0_rep46,,0.6202,0.2696,0.0217,,,,
Alleloscope,amplitude_4_0_rep42,,0.8368,0.5858,0.2871,,,,
Alleloscope,amplitude_4_0_rep43,,0.8095,0.1834,0.4718,,,,
Alleloscope,amplitude_4_0_rep44,,0.6743,0.4708,0.2464,,,,
Alleloscope,amplitude_4_0_rep45,,0.5894,0.4419,0.3581,,,,
Alleloscope,amplitude_4_0_rep46,,0.8495,0.5893,0.0755,,,,
Alleloscope,beta_0_1_rep42,,0.7387,0.2593,0.4443,,,,
Alleloscope,beta_0_1_rep43,,0.7695,0.1155,0.2091,,,,
Alleloscope,beta_0_1_rep44,,1,0.3889,0.5659,,,,
Alleloscope,beta_0_1_rep45,,1,0.2361,0.5966,,,,
Alleloscope,beta_0_1_rep46,,0.8104,0.3273,0,,,,
Alleloscope,beta_0_3_rep42,,0.9512,0.3253,0.5263,,,,
Alleloscope,beta_0_3_rep43,,0.8419,0.1473,0.2276,,,,
Alleloscope,beta_0_3_rep44,,1,0.4027,0.558,,,,
Alleloscope,beta_0_3_rep45,,1,0.221,0.6191,,,,
Alleloscope,beta_0_3_rep46,,0.7767,0.3304,0.0134,,,,
Alleloscope,beta_0_5_rep42,,0.9125,0.3359,0.512,,,,
Alleloscope,beta_0_5_rep43,,0.807,0.1807,0.2086,,,,
Alleloscope,beta_0_5_rep44,,1,0.4234,0.5511,,,,
Alleloscope,beta_0_5_rep45,,0.6748,0.2266,0.6212,,,,
Alleloscope,beta_0_5_rep46,,0.7749,0.3276,0.0135,,,,
Alleloscope,cells_500_rep42,,0.7443,0.4148,0.5342,,,,
Alleloscope,cells_500_rep43,,0.6943,0.1497,0.4589,,,,
Alleloscope,cells_500_rep44,,0.8847,0.603,0.4061,,,,
Alleloscope,cells_500_rep45,,0.7918,0.3238,0.6751,,,,
Alleloscope,cells_500_rep46,,0.8893,0.2256,0.4151,,,,
Alleloscope,cells_50_rep42,,0.9334,0.3902,0.511,,,,
Alleloscope,cells_50_rep43,,0.5263,0.0919,0.4962,,,,
Alleloscope,cells_50_rep44,,1,0.5877,0.4297,,,,
Alleloscope,cells_50_rep45,,0.72,0.3758,0.5156,,,,
Alleloscope,cells_50_rep46,,-0.043,0.2944,0,,,,
Alleloscope,clone_2_rep42,,1,0.4088,0.5385,,,,
Alleloscope,clone_2_rep43,,0.4896,0.2001,0.056,,,,
Alleloscope,clone_2_rep44,,1,0.6035,0.5093,,,,
Alleloscope,clone_2_rep45,,1,0.3345,0.7198,,,,
Alleloscope,clone_2_rep46,,0.2719,0.1401,0.0584,,,,
Alleloscope,clone_4_rep42,,0.9125,0.3359,0.512,,,,
Alleloscope,clone_4_rep43,,0.807,0.1807,0.2086,,,,
Alleloscope,clone_4_rep44,,1,0.4234,0.5511,,,,
Alleloscope,clone_4_rep45,,0.6748,0.2266,0.6212,,,,
Alleloscope,clone_4_rep46,,0.7749,0.3276,0.0135,,,,
Alleloscope,clone_8_rep42,,0.4759,0.1854,0.2102,,,,
Alleloscope,clone_8_rep43,,0.7249,0.088,0.591,,,,
Alleloscope,clone_8_rep44,,0.5922,0.1699,0.4338,,,,
Alleloscope,clone_8_rep45,,0.8866,0.181,0.7632,,,,
Alleloscope,clone_8_rep46,,0.3126,0.3316,0.5996,,,,
Alleloscope,events_10_rep42,,0.4508,0.1,0.5329,,,,
Alleloscope,events_10_rep43,,0.6899,0.1214,0.4922,,,,
Alleloscope,events_10_rep44,,0.5902,0.261,0.584,,,,
Alleloscope,events_10_rep45,,0.3447,0.1135,0.1513,,,,
Alleloscope,events_10_rep46,,0.5325,0.1374,0.0048,,,,
Alleloscope,events_80_rep42,,0.5479,0.5575,0.3845,,,,
Alleloscope,events_80_rep43,,0.6456,0.3414,0.5665,,,,
Alleloscope,events_80_rep44,,0.838,0.8019,0.4397,,,,
Alleloscope,events_80_rep45,,0.8699,0.4813,0.6857,,,,
Alleloscope,events_80_rep46,,0.6736,0.2973,0.4787,,,,
Alleloscope,focal_0_3_rep42,,1,0.4809,0.5419,,,,
Alleloscope,focal_0_3_rep43,,0.8025,0.3052,0.6995,,,,
Alleloscope,focal_0_3_rep44,,0.642,0.6463,0.7125,,,,
Alleloscope,focal_0_3_rep45,,1,0.5473,0.6849,,,,
Alleloscope,focal_0_3_rep46,,0.8297,0.6104,0.6661,,,,
Alleloscope,focal_1_0_rep42,,0.3488,0.3877,0,,,,
Alleloscope,focal_1_0_rep43,,0.0132,0.2373,0,,,,
Alleloscope,focal_1_0_rep44,,0.5511,0.5018,0,,,,
Alleloscope,focal_1_0_rep45,,0.6275,0.2943,0.0056,,,,
Alleloscope,focal_1_0_rep46,,0,0.196,0,,,,
Alleloscope,normal_0_0_rep42,,0.781,0.6023,0.4728,,,,
Alleloscope,normal_0_0_rep43,,1,0.1844,0.4367,,,,
Alleloscope,normal_0_0_rep44,,1,0.6156,0.3228,,,,
Alleloscope,normal_0_0_rep45,,1,0.4416,0.6462,,,,
Alleloscope,normal_0_0_rep46,,0.7212,0.2628,0.4191,,,,
Alleloscope,normal_0_3_rep42,,0.6944,0.2842,0.5289,,,,
Alleloscope,normal_0_3_rep43,,0.4678,0.0755,0.4149,,,,
Alleloscope,normal_0_3_rep44,,0.9154,0.4991,0.2884,,,,
Alleloscope,normal_0_3_rep45,,0.9693,0.2124,0.6756,,,,
Alleloscope,normal_0_3_rep46,,0.513,0.1696,0.4176,,,,
CONET,amplitude_1_0_rep42,0.43298969072164956,,,,,0.375,,1.0
CONET,amplitude_1_0_rep43,0.39622641509433965,,,,,0.375,,1.0
CONET,amplitude_1_0_rep44,0.48837209302325585,,,,,0.25,,0.6
CONET,amplitude_1_0_rep45,0.336,,,,,0.375,,1.0
CONET,amplitude_1_0_rep46,0.46153846153846156,,,,,0.25,,1.0
CONET,amplitude_4_0_rep42,0.3684210526315789,,,,,0.25,,1.0
CONET,amplitude_4_0_rep43,0.3652173913043478,,,,,0.375,,1.0
CONET,amplitude_4_0_rep44,0.40776699029126207,,,,,0.375,,1.0
CONET,amplitude_4_0_rep45,0.37168141592920356,,,,,0.625,,1.0
CONET,amplitude_4_0_rep46,0.43298969072164956,,,,,0.25,,1.0
CONET,beta_0_1_rep42,0.49411764705882355,,,,,0.375,,1.0
CONET,beta_0_1_rep43,0.4285714285714286,,,,,0.375,,1.0
CONET,beta_0_1_rep44,0.45652173913043476,,,,,0.375,,1.0
CONET,beta_0_1_rep45,0.39622641509433965,,,,,0.375,,1.0
CONET,beta_0_1_rep46,0.5121951219512195,,,,,0.375,,0.6
CONET,beta_0_3_rep42,0.49411764705882355,,,,,0.25,,1.0
CONET,beta_0_3_rep43,0.4285714285714286,,,,,0.375,,1.0
CONET,beta_0_3_rep44,0.45652173913043476,,,,,0.375,,1.0
CONET,beta_0_3_rep45,0.39622641509433965,,,,,0.375,,0.8
CONET,beta_0_3_rep46,0.5121951219512195,,,,,0.375,,0.6
CONET,beta_0_5_rep42,0.49411764705882355,,,,,0.25,,1.0
CONET,beta_0_5_rep43,0.4285714285714286,,,,,0.25,,0.8
CONET,beta_0_5_rep44,0.45652173913043476,,,,,0.25,,0.6
CONET,beta_0_5_rep45,0.39622641509433965,,,,,0.3333333333333333,,1.0
CONET,beta_0_5_rep46,0.5121951219512195,,,,,0.25,,0.4
CONET,cells_500_rep42,0.42,,,,,0.25,,1.0
CONET,cells_500_rep43,0.3925233644859813,,,,,0.25,,1.0
CONET,cells_500_rep44,0.3925233644859813,,,,,0.375,,1.0
CONET,cells_500_rep45,0.47727272727272724,,,,,0.375,,1.0
CONET,cells_500_rep46,0.47727272727272724,,,,,0.25,,1.0
CONET,cells_50_rep42,0.42,,,,,0.375,,0.4
CONET,cells_50_rep43,0.3925233644859813,,,,,0.375,,1.0
CONET,cells_50_rep44,0.3925233644859813,,,,,0.5,,0.6
CONET,cells_50_rep45,0.47727272727272724,,,,,0.5,,0.75
CONET,cells_50_rep46,0.47727272727272724,,,,,0.5,,0.8
CONET,clone_2_rep42,0.5,,,,,0.25,,1.0
CONET,clone_2_rep43,0.5316455696202531,,,,,0.25,,1.0
CONET,clone_2_rep44,0.031746031746031744,,,,,0.0,,0.6666666666666666
CONET,clone_2_rep45,0.43749999999999994,,,,,0.25,,1.0
CONET,clone_2_rep46,0.6176470588235293,,,,,0.25,,0.6666666666666666
CONET,clone_4_rep42,0.49411764705882355,,,,,0.25,,0.8
CONET,clone_4_rep43,0.4285714285714286,,,,,0.375,,1.0
CONET,clone_4_rep44,0.45652173913043476,,,,,0.25,,0.6
CONET,clone_4_rep45,0.39622641509433965,,,,,0.5,,0.75
CONET,clone_4_rep46,0.5121951219512195,,,,,0.25,,0.4
CONET,clone_8_rep42,0.42,,,,,0.375,,0.6666666666666666
CONET,clone_8_rep43,0.40776699029126207,,,,,0.375,,0.7777777777777778
CONET,clone_8_rep44,0.4719101123595506,,,,,0.375,,0.6666666666666666
CONET,clone_8_rep45,0.45161290322580644,,,,,0.5,,0.875
CONET,clone_8_rep46,0.43298969072164956,,,,,0.4375,,0.8888888888888888
CONET,events_10_rep42,0.7777777777777778,,,,,0.375,,0.8
CONET,events_10_rep43,0.6885245901639344,,,,,0.25,,1.0
CONET,events_10_rep44,0.7000000000000001,,,,,0.25,,1.0
CONET,events_10_rep45,0.7368421052631579,,,,,0.375,,1.0
CONET,events_10_rep46,0.6885245901639344,,,,,0.25,,1.0
CONET,events_80_rep42,0.2658227848101266,,,,,0.375,,1.0
CONET,events_80_rep43,0.2592592592592593,,,,,0.375,,1.0
CONET,events_80_rep44,0.2781456953642384,,,,,0.375,,1.0
CONET,events_80_rep45,0.28378378378378377,,,,,0.375,,1.0
CONET,events_80_rep46,0.33870967741935487,,,,,0.375,,1.0
CONET,focal_0_3_rep42,0.5185185185185185,,,,,0.375,,1.0
CONET,focal_0_3_rep43,0.5316455696202531,,,,,0.375,,1.0
CONET,focal_0_3_rep44,0.4827586206896552,,,,,0.375,,0.8
CONET,focal_0_3_rep45,0.5121951219512195,,,,,0.375,,1.0
CONET,focal_0_3_rep46,0.6086956521739131,,,,,0.375,,1.0
CONET,focal_1_0_rep42,0.3652173913043478,,,,,0.375,,1.0
CONET,focal_1_0_rep43,0.39622641509433965,,,,,0.375,,1.0
CONET,focal_1_0_rep44,0.375,,,,,0.375,,1.0
CONET,focal_1_0_rep45,0.28571428571428575,,,,,0.3333333333333333,,1.0
CONET,focal_1_0_rep46,0.39999999999999997,,,,,0.375,,0.8
CONET,normal_0_0_rep42,0.42,,,,,0.5,,1.0
CONET,normal_0_0_rep43,0.3925233644859813,,,,,0.6666666666666666,,1.0
CONET,normal_0_0_rep44,0.3925233644859813,,,,,0.3333333333333333,,1.0
CONET,normal_0_0_rep45,0.47727272727272724,,,,,0.75,,1.0
CONET,normal_0_0_rep46,0.47727272727272724,,,,,0.3333333333333333,,1.0
CONET,normal_0_3_rep42,0.42,,,,,0.375,,0.8
CONET,normal_0_3_rep43,0.3925233644859813,,,,,0.375,,0.8
CONET,normal_0_3_rep44,0.3925233644859813,,,,,0.375,,1.0
CONET,normal_0_3_rep45,0.47727272727272724,,,,,0.5,,1.0
CONET,normal_0_3_rep46,0.47727272727272724,,,,,0.25,,1.0
CNRein,amplitude_1_0_rep42,0.0,-0.0016727292732862384,0.28269736842105264,,,,0.4119078947368421,
CNRein,amplitude_1_0_rep43,0.028844420407427438,0.8753848691104021,0.2615294117647059,,,,0.3672941176470588,
CNRein,amplitude_1_0_rep44,0.0,0.004503111814019806,0.36630769230769233,,,,0.8387692307692308,
CNRein,amplitude_1_0_rep45,0.0,0.3164854127425397,0.36788461538461537,,,,0.6334615384615384,
CNRein,amplitude_1_0_rep46,0.023876404494382022,0.7543582296024299,0.4074285714285714,,,,0.5462857142857143,
CNRein,amplitude_4_0_rep42,0.0,-0.001730590689001281,0.5062365591397849,,,,1.9501075268817205,
CNRein,amplitude_4_0_rep43,0.0,0.009698359062531657,0.2911170212765957,,,,0.7994148936170212,
CNRein,amplitude_4_0_rep44,0.0,-0.0022386473457085476,0.4395121951219512,,,,1.7302439024390244,
CNRein,amplitude_4_0_rep45,0.0,-0.0031209158495390044,0.43923913043478263,,,,1.3457608695652175,
CNRein,amplitude_4_0_rep46,0.0,,0.5431578947368421,,,,2.909473684210526,
CNRein,beta_0_1_rep42,0.021819461551997186,0.8283321344674254,0.426015625,,,,0.952578125,
CNRein,beta_0_1_rep43,0.024025133986324155,0.7179435277524852,0.25,,,,0.6863636363636364,
CNRein,beta_0_1_rep44,0.0,-0.0036467526045780136,0.4064084507042254,,,,1.0711971830985916,
CNRein,beta_0_1_rep45,0.0,0.010786043568454915,0.28341176470588236,,,,0.4875294117647059,
CNRein,beta_0_1_rep46,0.020610687022900767,0.7398926539496972,0.6528688524590164,,,,2.445655737704918,
CNRein,beta_0_3_rep42,0.0,-0.000625643302589356,0.394296875,,,,0.968359375,
CNRein,beta_0_3_rep43,0.024189114898295765,0.8767209091716345,0.31344155844155847,,,,0.9730519480519481,
CNRein,beta_0_3_rep44,0.0,,0.41098591549295777,,,,1.0914084507042254,
CNRein,beta_0_3_rep45,0.0,0.031173849455110196,0.284,,,,0.4783529411764706,
CNRein,beta_0_3_rep46,0.020634314100114636,0.7141046428484581,0.45377049180327866,,,,1.2824590163934426,
CNRein,beta_0_5_rep42,0.0,-0.0009339171296081094,0.408671875,,,,1.057421875,
CNRein,beta_0_5_rep43,0.024029574861367836,0.8830157893239892,0.2729220779220779,,,,0.8303246753246754,
CNRein,beta_0_5_rep44,0.0,,0.4199295774647887,,,,1.1361267605633802,
CNRein,beta_0_5_rep45,0.0,0.048031952917500856,0.2858823529411765,,,,0.48294117647058826,
CNRein,beta_0_5_rep46,0.02049335863377609,0.7113127171978006,0.5550819672131148,,,,1.4944262295081967,
CNRein,cells_500_rep42,0.0,-0.00028734399124632956,0.431873417721519,,,,1.1011392405063292,
CNRein,cells_500_rep43,0.0,0.00029393296059990144,0.24911627906976744,,,,0.5983255813953489,
CNRein,cells_500_rep44,0.0,0.010249541985355578,0.5621162790697675,,,,1.965093023255814,
CNRein,cells_500_rep45,0.0,-0.0032515360547032022,0.45844776119402986,,,,1.072955223880597,
CNRein,cells_500_rep46,0.0,-0.002723560796424215,0.25149253731343285,,,,0.5220597014925373,
CNRein,cells_50_rep42,0.06848520023215322,0.7352516119817556,0.7129113924050633,,,,1.8956962025316455,
CNRein,cells_50_rep43,0.06138107416879795,0.802875778663024,0.42023255813953486,,,,1.3109302325581396,
CNRein,cells_50_rep44,0.07542857142857143,1.0,0.9532558139534884,,,,3.3109302325581393,
CNRein,cells_50_rep45,0.054859868813357186,0.6143004932755596,0.6570149253731343,,,,1.3913432835820896,
CNRein,cells_50_rep46,0.07133058984910838,0.508651989472978,0.5588059701492537,,,,1.2734328358208955,
CNRein,clone_2_rep42,0.0,,0.41873015873015873,,,,1.13,
CNRein,clone_2_rep43,0.019904034121201352,0.6291173733908039,0.38862068965517244,,,,1.315,
CNRein,clone_2_rep44,0.0,-0.009647027342887887,0.5781746031746032,,,,1.805,
CNRein,clone_2_rep45,0.0,0.6401083577480929,0.4921333333333333,,,,1.3737333333333333,
CNRein,clone_2_rep46,0.014368389543005388,0.543644994850505,0.18648936170212765,,,,0.5179787234042553,
CNRein,clone_4_rep42,0.0,-0.0009339171296081094,0.408671875,,,,1.057421875,
CNRein,clone_4_rep43,0.024029574861367836,0.8830157893239892,0.2729220779220779,,,,0.8303246753246754,
CNRein,clone_4_rep44,0.0,,0.4199295774647887,,,,1.1361267605633802,
CNRein,clone_4_rep45,0.0,0.048031952917500856,0.2858823529411765,,,,0.48294117647058826,
CNRein,clone_4_rep46,0.02049335863377609,0.7113127171978006,0.5550819672131148,,,,1.4944262295081967,
CNRein,clone_8_rep42,0.026661862727436498,0.39958423206666915,0.2830379746835443,,,,0.680253164556962,
CNRein,clone_8_rep43,0.027896596615212946,0.7384688757647007,0.18396341463414634,,,,0.30810975609756097,
CNRein,clone_8_rep44,0.02185205086870858,0.7597968823421697,0.43433823529411764,,,,1.0816911764705883,
CNRein,clone_8_rep45,0.023140495867768594,0.5057173717863995,0.376875,,,,0.5703472222222222,
CNRein,clone_8_rep46,0.0,0.0039627961891842665,0.47789473684210526,,,,1.2515789473684211,
CNRein,events_10_rep42,0.010607915136678909,0.07513890762098872,0.1481818181818182,,,,0.263030303030303,
CNRein,events_10_rep43,0.01081081081081081,0.6862665111585705,0.185125,,,,0.496625,
CNRein,events_10_rep44,0.012153437143942271,0.8063712776682872,0.3232051282051282,,,,0.6298717948717949,
CNRein,events_10_rep45,0.01185241827566431,0.7110181030317504,0.18958333333333333,,,,0.35986111111111113,
CNRein,events_10_rep46,0.013341181086913872,0.48867286284608713,0.269875,,,,0.453875,
CNRein,events_80_rep42,0.0,0.3024282530389987,0.5423722627737226,,,,1.5714233576642336,
CNRein,events_80_rep43,0.0,-0.004700214423991404,0.46386524822695036,,,,1.322517730496454,
CNRein,events_80_rep44,0.0,-0.0015253390972454976,0.9327692307692308,,,,2.605384615384615,
CNRein,events_80_rep45,0.0,-0.0033151875506245983,0.6826771653543308,,,,1.5363779527559056,
CNRein,events_80_rep46,0.0,0.0015490602047942659,0.4040776699029126,,,,0.9169902912621359,
CNRein,focal_0_3_rep42,0.0,0.3640597660106018,0.5801666666666667,,,,1.3223333333333334,
CNRein,focal_0_3_rep43,0.0,0.011579718348948647,0.4354310344827586,,,,1.2257758620689656,
CNRein,focal_0_3_rep44,0.0,0.6385057862763039,0.8154545454545454,,,,2.4724242424242426,
CNRein,focal_0_3_rep45,0.0,-0.003898903587193991,0.8128688524590164,,,,2.1771311475409836,
CNRein,focal_0_3_rep46,0.0,0.10074245888782485,0.6561458333333333,,,,2.2546875,
CNRein,focal_1_0_rep42,0.0,0.0005499699713358108,0.38148936170212766,,,,0.9531914893617022,
CNRein,focal_1_0_rep43,0.028642149929278642,0.29706036283035775,0.3025294117647059,,,,0.9384117647058824,
CNRein,focal_1_0_rep44,0.0,-0.0029687993854256513,0.425989010989011,,,,1.3557692307692308,
CNRein,focal_1_0_rep45,0.0,,0.25043650793650796,,,,0.5244047619047619,
CNRein,focal_1_0_rep46,0.0275049115913556,0.7301215282022563,0.2550595238095238,,,,0.5675595238095238,
CNRein,normal_0_0_rep42,0.0,-0.001725056198234032,0.48348101265822785,,,,1.2322151898734177,
CNRein,normal_0_0_rep43,0.0,-0.003043360759353934,0.2778488372093023,,,,0.6723837209302326,
CNRein,normal_0_0_rep44,0.0,0.009632421756011684,0.6323255813953489,,,,2.201279069767442,
CNRein,normal_0_0_rep45,0.0,-0.01649467486171222,0.49417910447761193,,,,1.175820895522388,
CNRein,normal_0_0_rep46,0.021701085054252712,0.9068582957986935,0.37850746268656715,,,,0.8404477611940299,
CNRein,normal_0_3_rep42,0.0,-0.001810145722747561,0.33772151898734176,,,,0.8688607594936709,
CNRein,normal_0_3_rep43,0.028465998945703744,0.664067429947173,0.2958720930232558,,,,0.7101744186046511,
CNRein,normal_0_3_rep44,0.0,0.005384413126879907,0.4530232558139535,,,,1.5866279069767442,
CNRein,normal_0_3_rep45,0.0,-0.005541751238205105,0.3402985074626866,,,,0.8114925373134328,
CNRein,normal_0_3_rep46,0.020076656324146742,0.7124955951548659,0.27873134328358207,,,,0.621268656716418,
