tool,dataset,breakpoint_f1,breakpoint_precision,breakpoint_recall,cell_node_match_accuracy,clone_ari,clone_nmi,hscn_error,loh_f1,loh_precision,loh_recall,msr,nrf_distance,retention_rate,tcn_mse,tree_coverage
SCICoNE,amplitude_1_0_rep42,0.4873096446700507,0.39344262295081966,0.64,,0.8560425234597995,0.9194647984636939,,,,,,,,0.07263157894736842,
SCICoNE,amplitude_1_0_rep43,0.4918032786885245,0.375,0.7142857142857143,,0.7514114718569395,0.864471436424403,,,,,,,,0.05747058823529412,
SCICoNE,amplitude_1_0_rep44,0.3745019920318725,0.25133689839572193,0.734375,,1.0,1.0,,,,,,,,0.33092307692307693,
SCICoNE,amplitude_1_0_rep45,0.62882096069869,0.5714285714285714,0.6990291262135923,,0.9958452683195511,0.9911230434693401,,,,,,,,0.12875,
SCICoNE,amplitude_1_0_rep46,0.39357429718875503,0.2722222222222222,0.7101449275362319,,0.8781010989989542,0.914749812155844,,,,,,,,0.07471428571428572,
SCICoNE,amplitude_4_0_rep42,0.543859649122807,0.45588235294117646,0.6739130434782609,,1.0,1.0,,,,,,,,0.9666666666666667,
SCICoNE,amplitude_4_0_rep43,0.6605504587155964,0.576,0.7741935483870968,,0.8754349537508398,0.9291208310414164,,,,,,,,0.2730851063829787,
SCICoNE,amplitude_4_0_rep44,0.5253456221198156,0.41911764705882354,0.7037037037037037,,1.0,1.0,,,,,,,,0.9088414634146341,
SCICoNE,amplitude_4_0_rep45,0.45643153526970953,0.36666666666666664,0.6043956043956044,,1.0,1.0,,,,,,,,0.6054347826086957,
SCICoNE,amplitude_4_0_rep46,0.2642857142857143,0.18048780487804877,0.49333333333333335,,0.8217455741763163,0.8675662277074182,,,,,,,,1.8473684210526315,
SCICoNE,beta_0_1_rep42,0.37914691943127965,0.2702702702702703,0.6349206349206349,,0.7176862653797377,0.8701116447719073,,,,,,,,0.28578125,
SCICoNE,beta_0_1_rep43,0.497737556561086,0.3793103448275862,0.7236842105263158,,0.9899502728810694,0.9837660735954208,,,,,,,,0.2405844155844156,
SCICoNE,beta_0_1_rep44,0.4311926605504587,0.31756756756756754,0.6714285714285714,,1.0,1.0,,,,,,,,0.47330985915492957,
SCICoNE,beta_0_1_rep45,0.47257383966244726,0.3660130718954248,0.6666666666666666,,1.0,1.0000000000000002,,,,,,,,0.13976470588235293,
SCICoNE,beta_0_1_rep46,0.2972972972972973,0.2037037037037037,0.55,,0.79941738361949,0.8458283759670017,,,,,,,,0.3087704918032787,
SCICoNE,beta_0_3_rep42,0.31970260223048325,0.2087378640776699,0.6825396825396826,,0.806031717252732,0.8753644776642253,,,,,,,,0.3709375,
SCICoNE,beta_0_3_rep43,0.453781512605042,0.3333333333333333,0.7105263157894737,,0.8822309236294911,0.9243320434616301,,,,,,,,0.20844155844155843,
SCICoNE,beta_0_3_rep44,0.43404255319148927,0.3090909090909091,0.7285714285714285,,1.0,1.0,,,,,,,,0.48795774647887324,
SCICoNE,beta_0_3_rep45,0.4786324786324786,0.37333333333333335,0.6666666666666666,,0.9884252947291834,0.9845309037990692,,,,,,,,0.13294117647058823,
SCICoNE,beta_0_3_rep46,0.3349282296650718,0.2348993288590604,0.5833333333333334,,0.8026243552959972,0.850400999676749,,,,,,,,0.35008196721311474,
SCICoNE,beta_0_5_rep42,0.4059405940594059,0.2949640287769784,0.6507936507936508,,0.7316969501157877,0.8601180417439833,,,,,,,,0.284765625,
SCICoNE,beta_0_5_rep43,0.15767634854771784,0.11515151515151516,0.25,,0.8079292875507751,0.8830339171854604,,,,,,,,0.4122077922077922,
SCICoNE,beta_0_5_rep44,0.4607843137254903,0.35074626865671643,0.6714285714285714,,1.0,1.0,,,,,,,,0.39936619718309857,
SCICoNE,beta_0_5_rep45,0.3969465648854962,0.29213483146067415,0.6190476190476191,,1.0,1.0,,,,,,,,0.13841176470588235,
SCICoNE,beta_0_5_rep46,0.29310344827586204,0.19767441860465115,0.5666666666666667,,0.5742265545651886,0.7181530493682023,,,,,,,,0.3592622950819672,
SCICoNE,cells_500_rep42,0.5728643216080401,0.47107438016528924,0.7307692307692307,,0.8827500657480334,0.9288704838766464,,,,,,,,0.40572151898734177,
SCICoNE,cells_500_rep43,0.6938775510204082,0.6126126126126126,0.8,,0.8504188304378456,0.9177165698764995,,,,,,,,0.18606976744186046,
SCICoNE,cells_500_rep44,0.5887850467289719,0.4883720930232558,0.7411764705882353,,1.0,1.0,,,,,,,,0.818906976744186,
SCICoNE,cells_500_rep45,0.4299065420560748,0.3108108108108108,0.696969696969697,,1.0,1.0,,,,,,,,0.42140298507462687,
SCICoNE,cells_500_rep46,0.3733333333333333,0.2641509433962264,0.6363636363636364,,0.8493863508092013,0.9051841424603927,,,,,,,,0.19922388059701493,
SCICoNE,cells_50_rep42,0.5352112676056338,0.4222222222222222,0.7307692307692307,,0.799151792057888,0.9080782107793115,,,,,,,,0.5156962025316456,
SCICoNE,cells_50_rep43,0.5411764705882353,0.40588235294117647,0.8117647058823529,,0.8289440612170804,0.9176182122343982,,,,,,,,0.18930232558139534,
SCICoNE,cells_50_rep44,0.5080645161290323,0.38650306748466257,0.7411764705882353,,0.8519770344310912,0.9208162176415097,,,,,,,,0.8841860465116279,
SCICoNE,cells_50_rep45,0.4761904761904762,0.3472222222222222,0.7575757575757576,,1.0,1.0,,,,,,,,0.3582089552238806,
SCICoNE,cells_50_rep46,0.31578947368421056,0.21,0.6363636363636364,,0.9488339714584059,0.9372750016015752,,,,,,,,0.17044776119402985,
SCICoNE,clone_2_rep42,0.3944954128440367,0.27564102564102566,0.6935483870967742,,1.0,1.0,,,,,,,,0.4042063492063492,
SCICoNE,clone_2_rep43,0.36607142857142855,0.24550898203592814,0.7192982456140351,,1.0,1.0,,,,,,,,0.5775862068965517,
SCICoNE,clone_2_rep44,0.47567567567567576,0.35772357723577236,0.7096774193548387,,1.0,1.0,,,,,,,,0.4928571428571429,
SCICoNE,clone_2_rep45,0.39525691699604737,0.27932960893854747,0.6756756756756757,,1.0,1.0,,,,,,,,0.5084,
SCICoNE,clone_2_rep46,0.22764227642276424,0.14,0.6086956521739131,,0.9981752436195909,0.9848205501471994,,,,,,,,0.21840425531914895,
SCICoNE,clone_4_rep42,0.4059405940594059,0.2949640287769784,0.6507936507936508,,0.7316969501157877,0.8601180417439833,,,,,,,,0.284765625,
SCICoNE,clone_4_rep43,0.4578313253012048,0.32947976878612717,0.75,,0.8883962214549852,0.9285022589358504,,,,,,,,0.27603896103896103,
SCICoNE,clone_4_rep44,0.4607843137254903,0.35074626865671643,0.6714285714285714,,1.0,1.0,,,,,,,,0.39936619718309857,
SCICoNE,clone_4_rep45,0.3969465648854962,0.29213483146067415,0.6190476190476191,,1.0,1.0,,,,,,,,0.13841176470588235,
SCICoNE,clone_4_rep46,0.29310344827586204,0.19767441860465115,0.5666666666666667,,0.5742265545651886,0.7181530493682023,,,,,,,,0.3592622950819672,
SCICoNE,clone_8_rep42,0.4014598540145985,0.28061224489795916,0.7051282051282052,,0.8666574000546023,0.9333436062614966,,,,,,,,0.18018987341772152,
SCICoNE,clone_8_rep43,0.4166666666666667,0.3005464480874317,0.6790123456790124,,0.9264343254199732,0.9569964077737458,,,,,,,,0.08652439024390243,
SCICoNE,clone_8_rep44,0.3565891472868217,0.24083769633507854,0.6865671641791045,,0.7063817518504364,0.855759380094822,,,,,,,,0.1563235294117647,
SCICoNE,clone_8_rep45,0.3967611336032389,0.2784090909090909,0.6901408450704225,,0.9014386243309539,0.8987302135810823,,,,,,,,0.15034722222222222,
SCICoNE,clone_8_rep46,0.41295546558704455,0.29651162790697677,0.68,,0.3635829024471939,0.6501315624806457,,,,,,,,0.3555921052631579,
SCICoNE,events_10_rep42,0.12269938650306751,0.06802721088435375,0.625,,0.4840533871371376,0.677062580085003,,,,,,,,0.08424242424242424,
SCICoNE,events_10_rep43,0.2336448598130841,0.14285714285714285,0.6410256410256411,,0.8708296838181956,0.9224248187911073,,,,,,,,0.157,
SCICoNE,events_10_rep44,0.17316017316017313,0.10362694300518134,0.5263157894736842,,0.9517963210971743,0.952594823357828,,,,,,,,0.03782051282051282,
SCICoNE,events_10_rep45,0.11235955056179776,0.06465517241379311,0.42857142857142855,,0.737684010795144,0.8449218256216074,,,,,,,,0.10388888888888889,
SCICoNE,events_10_rep46,0.15319148936170215,0.09183673469387756,0.46153846153846156,,0.7319573207153232,0.8023003120067449,,,,,,,,0.06275,
SCICoNE,events_80_rep42,0.6909090909090909,0.6834532374100719,0.6985294117647058,,0.870917368930569,0.9207976699864105,,,,,,,,0.7881386861313868,
SCICoNE,events_80_rep43,0.6713780918727915,0.6643356643356644,0.6785714285714286,,0.854435966990095,0.9230136055061453,,,,,,,,0.5229432624113475,
SCICoNE,events_80_rep44,0.746031746031746,0.7642276422764228,0.7286821705426356,,1.0,1.0,,,,,,,,0.9758461538461538,
SCICoNE,events_80_rep45,0.6992481203007519,0.6642857142857143,0.7380952380952381,,1.0,1.0,,,,,,,,0.5150393700787401,
SCICoNE,events_80_rep46,0.5577689243027888,0.4697986577181208,0.6862745098039216,,0.8416567406758045,0.9080811631714426,,,,,,,,0.2987378640776699,
SCICoNE,focal_0_3_rep42,0.4454976303317536,0.3092105263157895,0.7966101694915254,,1.0,1.0,,,,,,,,0.429,
SCICoNE,focal_0_3_rep43,0.4800000000000001,0.3356643356643357,0.8421052631578947,,0.8796194238043535,0.92652905606122,,,,,,,,0.3325862068965517,
SCICoNE,focal_0_3_rep44,0.4976958525345622,0.35526315789473684,0.8307692307692308,,1.0,1.0,,,,,,,,1.156060606060606,
SCICoNE,focal_0_3_rep45,0.5608465608465608,0.4108527131782946,0.8833333333333333,,1.0,1.0,,,,,,,,0.7223770491803279,
SCICoNE,focal_0_3_rep46,0.37433155080213903,0.25,0.7446808510638298,,0.7993767013994725,0.8542791164529855,,,,,,,,0.8808333333333334,
SCICoNE,focal_1_0_rep42,0.48962655601659755,0.39864864864864863,0.6344086021505376,,0.8818741234301776,0.9221094805604576,,,,,,,,0.31542553191489364,
SCICoNE,focal_1_0_rep43,0.3610108303249097,0.25906735751295334,0.5952380952380952,,0.8883962214549852,0.9285022589358504,,,,,,,,0.2985294117647059,
SCICoNE,focal_1_0_rep44,0.3984962406015038,0.30113636363636365,0.5888888888888889,,1.0,1.0,,,,,,,,0.5595604395604395,
SCICoNE,focal_1_0_rep45,0.5984251968503937,0.5891472868217055,0.608,,1.0,1.0,,,,,,,,0.18615079365079365,
SCICoNE,focal_1_0_rep46,0.3821138211382114,0.2883435582822086,0.5662650602409639,,0.6252042960067086,0.7960459306683908,,,,,,,,0.1413095238095238,
SCICoNE,normal_0_0_rep42,0.5572139303482587,0.45528455284552843,0.717948717948718,,0.8619731520368965,0.9039347210724212,,,,,,,,0.46360759493670883,
SCICoNE,normal_0_0_rep43,0.6442307692307692,0.5447154471544715,0.788235294117647,,1.0,0.9999999999999998,,,,,,,,0.22273255813953488,
SCICoNE,normal_0_0_rep44,0.6095238095238096,0.512,0.7529411764705882,,1.0,1.0,,,,,,,,0.8302325581395349,
SCICoNE,normal_0_0_rep45,0.36290322580645157,0.24725274725274726,0.6818181818181818,,1.0,1.0,,,,,,,,0.40432835820895524,
SCICoNE,normal_0_0_rep46,0.3870967741935483,0.2781456953642384,0.6363636363636364,,1.0,1.0,,,,,,,,0.10835820895522388,
SCICoNE,normal_0_3_rep42,0.5263157894736842,0.4198473282442748,0.7051282051282052,,0.857272071626947,0.9007793961049012,,,,,,,,0.3881012658227848,
SCICoNE,normal_0_3_rep43,0.6388888888888888,0.5267175572519084,0.8117647058823529,,0.6667535194095704,0.8323024523851664,,,,,,,,0.14348837209302326,
SCICoNE,normal_0_3_rep44,0.5526315789473685,0.4405594405594406,0.7411764705882353,,1.0,1.0,,,,,,,,0.7476744186046511,
SCICoNE,normal_0_3_rep45,0.4577114427860696,0.34074074074074073,0.696969696969697,,1.0,1.0,,,,,,,,0.2506716417910448,
SCICoNE,normal_0_3_rep46,0.33699633699633696,0.2222222222222222,0.696969696969697,,0.7158637238348329,0.8632053228406291,,,,,,,,0.1355223880597015,
SEACON,amplitude_1_0_rep42,0.14492753623188404,0.07936507936507936,0.8333333333333334,,0.32517378380827444,,0.7020394736842105,0.8046218487394958,0.9980456026058632,0.6739991201055874,1.0,,,,
SEACON,amplitude_1_0_rep43,0.6433566433566433,0.575,0.7301587301587301,,0.41792268281322775,,0.47858823529411765,0.9139987445072192,0.9817936614969656,0.8549618320610687,0.0,,,,
SEACON,amplitude_1_0_rep44,0.08735632183908046,0.045949214026602174,0.8837209302325582,,0.2731147432388421,,1.5478461538461539,0.9215740999162711,0.9892150988615938,0.8625914315569488,1.0,,,,
SEACON,amplitude_1_0_rep45,0.6760563380281691,0.549618320610687,0.8780487804878049,,0.715815869220918,,0.13423076923076924,0.8942440521872601,0.9904794287657259,0.815053161723559,0.5,,,,
SEACON,amplitude_1_0_rep46,0.0910344827586207,0.04874446085672083,0.6875,,0.38168938966425014,,1.0996428571428571,0.889896373056995,0.9942112879884226,0.8053927315357562,1.0,,,,
SEACON,amplitude_4_0_rep42,0.19076005961251868,0.10666666666666667,0.9014084507042254,,0.6278907939756867,,0.6810752688172043,0.902506963788301,0.9242053789731052,0.8818040435458787,0.5,,,,
SEACON,amplitude_4_0_rep43,0.7294117647058823,0.6326530612244898,0.8611111111111112,,0.5654378278038505,,0.461968085106383,0.8837494883340156,0.934227607096495,0.8384466019417476,0.0,,,,
SEACON,amplitude_4_0_rep44,0.20190476190476192,0.11397849462365592,0.8833333333333333,,0.3137845419699715,,1.7975609756097561,0.8387978142076503,0.9258142340168878,0.7667332667332667,,,,,
SEACON,amplitude_4_0_rep45,0.631578947368421,0.6666666666666666,0.6,,0.4953634735450178,,0.7029347826086957,0.8176758306628437,0.9391708640061992,0.7240143369175627,0.6666666666666666,,,,
SEACON,amplitude_4_0_rep46,0.6153846153846153,0.4943820224719101,0.8148148148148148,,0.5938250941675657,,0.7733552631578947,0.7448539971278123,0.8790960451977401,0.6461794019933554,,,,,
SEACON,beta_0_1_rep42,0.2753623188405797,0.1623931623931624,0.9047619047619048,,0.3286628851195717,,0.50125,0.9341242585076491,0.988110964332893,0.8857312018946122,0.8,,,,
SEACON,beta_0_1_rep43,0.6417910447761194,0.5443037974683544,0.7818181818181819,,0.259170565919162,,0.4027272727272727,0.8449559918754233,0.9369369369369369,0.7694204685573366,,,,,
SEACON,beta_0_1_rep44,0.38333333333333336,0.24083769633507854,0.9387755102040817,,0.3007217308465112,,1.455774647887324,0.9070772555375474,0.9970308788598575,0.83201189296333,0.6666666666666666,,,,
SEACON,beta_0_1_rep45,0.7543859649122807,0.8431372549019608,0.6825396825396826,,0.6096791165372819,,0.4166470588235294,0.8628055494384497,0.9350835322195704,0.8008994276369583,1.0,,,,
SEACON,beta_0_1_rep46,0.7294117647058824,0.6739130434782609,0.7948717948717948,,0.5975257012609451,,1.0298360655737704,0.6353944562899786,0.9933333333333333,0.4670846394984326,,,,,
SEACON,beta_0_3_rep42,0.28571428571428575,0.16964285714285715,0.9047619047619048,,0.5451336458700994,,0.568671875,0.9227311042427648,0.9826451226810293,0.8697033898305084,0.42857142857142855,,,,
SEACON,beta_0_3_rep43,0.6478873239436619,0.5287356321839081,0.8363636363636363,,0.18327199255315008,,0.7139610389610389,0.8719948018193632,0.9696531791907514,0.7922077922077922,,,,,
SEACON,beta_0_3_rep44,0.13202247191011238,0.07088989441930618,0.9591836734693877,,0.30516737000610805,,1.0633098591549295,0.9075810340208947,0.9912229373902867,0.8369565217391305,0.6666666666666666,,,,
SEACON,beta_0_3_rep45,0.7478260869565218,0.8269230769230769,0.6825396825396826,,0.7414747361125948,,0.34511764705882353,0.8741949334478316,0.9356617647058824,0.8203062046736502,1.0,,,,
SEACON,beta_0_3_rep46,0.7654320987654322,0.7380952380952381,0.7948717948717948,,0.3885731529513356,,1.0077868852459015,0.5972369819341127,1.0,0.4257575757575758,,,,,
SEACON,beta_0_5_rep42,0.2611683848797251,0.15261044176706828,0.9047619047619048,,0.2549951276161692,,1.30140625,0.903869407496977,0.9881031064111038,0.8328690807799443,1.0,,,,
SEACON,beta_0_5_rep43,0.8333333333333334,0.8490566037735849,0.8181818181818182,,0.2285837129592718,,0.4755844155844156,0.8493827160493828,0.9476584022038568,0.7695749440715883,,,,,
SEACON,beta_0_5_rep44,0.1116751269035533,0.05953991880920163,0.8979591836734694,,0.2999358107406793,,1.4487323943661972,0.9186449719925313,0.9959514170040485,0.8524752475247525,0.6666666666666666,,,,
SEACON,beta_0_5_rep45,0.7478260869565218,0.8269230769230769,0.6825396825396826,,0.7670499092364237,,0.3029411764705882,0.8823900694298338,0.9374161823871257,0.8334658187599364,1.0,,,,
SEACON,beta_0_5_rep46,0.4689655172413793,0.32075471698113206,0.8717948717948718,,0.3502384188218995,,1.4864754098360655,0.6788813886210222,0.9915492957746479,0.5161290322580645,,,,,
SEACON,cells_500_rep42,0.05004389815627743,0.025664115263394866,1.0,,0.706218392209868,,1.410126582278481,0.9200893624334078,0.9972061836468616,0.8540437071303238,0.9411764705882353,,,,
SEACON,cells_500_rep43,0.08076923076923079,0.042112299465240643,0.984375,,0.5195103841929363,,0.6941627906976744,0.9459661354581673,0.9751026694045175,0.9185203094777563,0.6,,,,
SEACON,cells_500_rep44,0.034688346883468835,0.01765030336458908,1.0,,0.9535764178571388,,1.738186046511628,0.9397022598264967,0.9943336355394379,0.890761421319797,0.3333333333333333,,,,
SEACON,cells_500_rep45,0.05462445685909373,0.0280970625798212,0.9777777777777777,,0.5662050125021396,,0.6731940298507463,0.9530868356775879,0.9921094160967912,0.9170178282009724,,,,,
SEACON,cells_500_rep46,0.12371134020618557,0.06624605678233439,0.9333333333333333,,0.41548831096617883,,0.8308955223880597,0.8720412884854957,0.9967453213995118,0.7750711800063271,1.0,,,,
SEACON,cells_50_rep42,0.7580645161290324,0.7014925373134329,0.8245614035087719,,0.4611945916455557,,0.8617721518987341,0.8729184925503944,0.9861386138613861,0.7830188679245284,1.0,,,,
SEACON,cells_50_rep43,0.8503937007874015,0.8571428571428571,0.84375,,0.6192759702690221,,0.35953488372093023,0.8501362397820164,0.9397590361445783,0.7761194029850746,0.2,,,,
SEACON,cells_50_rep44,0.7737226277372263,0.726027397260274,0.828125,,0.41887116289730236,,0.6551162790697674,0.8525714285714285,0.9815789473684211,0.7535353535353535,0.6666666666666666,,,,
SEACON,cells_50_rep45,0.7526881720430108,0.7291666666666666,0.7777777777777778,,0.4213147628477664,,0.5408955223880597,0.9059288537549408,0.9424342105263158,0.8721461187214612,,,,,
SEACON,cells_50_rep46,0.7252747252747253,0.717391304347826,0.7333333333333333,,0.37089871611982883,,1.1346268656716418,0.7709677419354838,0.9958333333333333,0.6289473684210526,1.0,,,,
SEACON,clone_2_rep42,0.1837837837837838,0.1033434650455927,0.8292682926829268,,0.7537379728254165,,2.795714285714286,0.850020104543627,0.9787037037037037,0.7512437810945274,,,,,
SEACON,clone_2_rep43,0.15816326530612243,0.08707865168539326,0.8611111111111112,,-0.03891107018446872,,1.5505172413793102,0.9657210401891254,0.9600470035252644,0.9714625445897741,,,,,
SEACON,clone_2_rep44,0.07094918504314476,0.036926147704590816,0.9024390243902439,,0.17850427884919134,,1.0455555555555556,0.9476405946994183,0.984553391537945,0.9133956386292835,1.0,,,,
SEACON,clone_2_rep45,0.0966702470461869,0.05125284738041002,0.8490566037735849,,0.6526150707924304,,2.728466666666667,0.8830424589736912,0.9929701230228472,0.7950281425891182,0.75,,,,
SEACON,clone_2_rep46,0.5660377358490566,0.5357142857142857,0.6,,-0.08950021894997054,,0.9164893617021277,0.9201451905626135,0.9863813229571985,0.8622448979591837,,,,,
SEACON,clone_4_rep42,0.25,0.1450381679389313,0.9047619047619048,,0.2618614076859113,,1.816171875,0.9052950075642966,0.990728476821192,0.8334261838440111,1.0,,,,
SEACON,clone_4_rep43,0.5974025974025974,0.46464646464646464,0.8363636363636363,,0.26230992275968396,,0.7201298701298702,0.8806783767413687,0.9603698811096433,0.8131991051454138,,,,,
SEACON,clone_4_rep44,0.3111111111111111,0.19004524886877827,0.8571428571428571,,0.35639301056380457,,0.8883098591549295,0.9077669902912622,0.9970379146919431,0.8331683168316831,0.6666666666666666,,,,
SEACON,clone_4_rep45,0.7226890756302521,0.7678571428571429,0.6825396825396826,,0.5583189053483076,,0.367,0.8806913996627318,0.9376122082585279,0.8302861685214626,1.0,,,,
SEACON,clone_4_rep46,0.32323232323232326,0.20125786163522014,0.8205128205128205,,0.3686736554698481,,1.5268852459016393,0.6408730158730159,0.99079754601227,0.4736070381231672,,,,,
SEACON,clone_8_rep42,0.5833333333333334,0.717948717948718,0.49122807017543857,,0.28806330797283414,,0.839873417721519,0.799073537927041,0.9504132231404959,0.6893106893106893,0.75,,,,
SEACON,clone_8_rep43,0.6373626373626374,0.9354838709677419,0.48333333333333334,,0.7058694653737644,,0.22859756097560976,0.9135654261704682,0.9895968790637191,0.8483835005574136,1.0,,,,
SEACON,clone_8_rep44,0.11428571428571427,0.06306306306306306,0.6086956521739131,,0.23093551066436496,,1.2491911764705883,0.8456425406203841,0.979469632164243,0.7439896036387265,0.5,,,,
SEACON,clone_8_rep45,0.09126984126984128,0.05066079295154185,0.46,,0.561690280135918,,0.7028472222222222,0.9152542372881356,0.9901477832512315,0.8508936970837253,0.0,,,,
SEACON,clone_8_rep46,0.1181818181818182,0.06735751295336788,0.48148148148148145,,0.18904420283685885,,2.8120394736842105,0.882734236888627,0.9973368841544608,0.7917547568710359,,,,,
SEACON,events_10_rep42,0.03636363636363636,0.01871657754010695,0.6363636363636364,,0.5154194036449591,,0.08833333333333333,0.8816666666666667,1.0,0.7883755588673621,0.0,,,,
SEACON,events_10_rep43,0.923076923076923,0.8571428571428571,1.0,,0.08918273117713055,,0.895375,0.9540229885057471,0.9803149606299213,0.9291044776119403,,,,,
SEACON,events_10_rep44,0.5909090909090909,0.48148148148148145,0.7647058823529411,,0.4180514701571172,,1.0125641025641026,0.8754285714285714,0.9033018867924528,0.8492239467849224,,,,,
SEACON,events_10_rep45,0.8148148148148148,0.8461538461538461,0.7857142857142857,,0.5889878069435072,,0.23652777777777778,0.6666666666666667,0.9764705882352941,0.5060975609756098,,,,,
SEACON,events_10_rep46,0.12903225806451613,0.07035175879396985,0.7777777777777778,,0.17982393308831884,,0.663625,0.6878727634194831,0.9719101123595506,0.5323076923076923,,,,,
SEACON,events_80_rep42,0.6690647482014388,0.5705521472392638,0.808695652173913,,0.3119148931840147,,1.2225912408759123,0.8285435419151935,0.9337570276216084,0.7446393762183235,0.8,,,,
SEACON,events_80_rep43,0.2369337979094077,0.13746630727762804,0.8571428571428571,,0.48516281373872505,,0.645531914893617,0.8989696239796601,0.9727772951057052,0.8355721393034826,0.16666666666666666,,,,
SEACON,events_80_rep44,0.2291407222914072,0.13237410071942446,0.8518518518518519,,0.6993768984022606,,0.7014615384615385,0.9174518639901679,0.9920265780730897,0.8533053915031434,0.6521739130434783,,,,
SEACON,events_80_rep45,0.1418867924528302,0.07704918032786885,0.8952380952380953,,0.6738708004816465,,0.6511811023622047,0.9257717655220258,0.979090242112986,0.8779605263157895,0.918918918918919,,,,
SEACON,events_80_rep46,0.7631578947368421,0.8169014084507042,0.7160493827160493,,0.6061336682862013,,1.2390291262135922,0.7867036011080332,0.8792569659442725,0.7117794486215538,1.0,,,,
SEACON,focal_0_3_rep42,0.08117249154453214,0.04240282685512368,0.9473684210526315,,0.5565919462324191,,2.1144166666666666,0.9321141590468274,0.9911608721272834,0.8797071129707112,0.6666666666666666,,,,
SEACON,focal_0_3_rep43,0.9090909090909091,0.8536585365853658,0.9722222222222222,,0.6455205152038241,,0.4736206896551724,0.9380315917375457,0.9763912310286678,0.9025720966484801,0.0,,,,
SEACON,focal_0_3_rep44,0.1033112582781457,0.05485232067510549,0.8863636363636364,,0.7615265199476515,,0.49446969696969695,0.9590429845904298,0.9987331081081081,0.922386895475819,0.6,,,,
SEACON,focal_0_3_rep45,0.12687813021702835,0.06785714285714285,0.9743589743589743,,0.6840798638492211,,0.9452459016393443,0.9498029809833818,0.9946178686759957,0.9088524590163934,0.9545454545454546,,,,
SEACON,focal_0_3_rep46,0.09843400447427293,0.052256532066508314,0.8461538461538461,,0.6204786037182435,,0.3334375,0.9475758770201025,0.9662379421221865,0.9296210363495746,1.0,,,,
SEACON,focal_1_0_rep42,0.3462532299741602,0.2126984126984127,0.9305555555555556,,0.20907943667411996,,1.297659574468085,0.8892850069320657,0.962280325760823,0.8265832106038291,1.0,,,,
SEACON,focal_1_0_rep43,0.7591240875912408,0.7027027027027027,0.8253968253968254,,0.5991181234585214,,0.7338823529411764,0.717891194615816,0.9495548961424333,0.5770964833183048,,,,,
SEACON,focal_1_0_rep44,0.5507246376811594,0.41304347826086957,0.8260869565217391,,0.4369655870905097,,1.0225824175824176,0.8132530120481928,0.9183673469387755,0.7297297297297297,,,,,
SEACON,focal_1_0_rep45,0.5745454545454545,0.4619883040935672,0.7596153846153846,,0.4534386212403279,,0.5292460317460318,0.8060641858633588,0.9660217083529967,0.691554054054054,0.0,,,,
SEACON,focal_1_0_rep46,0.7222222222222221,0.8478260869565217,0.6290322580645161,,0.2968557685544341,,0.6356547619047619,0.4960806270996641,0.9465811965811965,0.33611532625189683,,,,,
SEACON,normal_0_0_rep42,0.1366120218579235,0.07407407407407407,0.8771929824561403,,0.268162317752068,,1.114367088607595,0.8848651840188938,0.9876977152899824,0.8014260249554367,0.9,,,,
SEACON,normal_0_0_rep43,0.8148148148148148,0.7746478873239436,0.859375,,0.15835086580307273,,0.6808720930232558,0.8589435774309724,0.9527296937416777,0.7819672131147541,0.75,,,,
SEACON,normal_0_0_rep44,0.1265560165975104,0.06777777777777778,0.953125,,0.4398535421121687,,0.9219767441860465,0.8838444820091765,0.9945652173913043,0.7953063885267275,0.5833333333333334,,,,
SEACON,normal_0_0_rep45,0.2679127725856698,0.15579710144927536,0.9555555555555556,,0.4660206603468867,,0.7047014925373134,0.9049250535331905,0.9750807568066451,0.8441869756292449,,,,,
SEACON,normal_0_0_rep46,0.20192307692307693,0.11320754716981132,0.9333333333333333,,0.4948225095373085,,0.6577611940298508,0.8773800456968774,0.9991326973113617,0.7820773930753564,1.0,,,,
SEACON,normal_0_3_rep42,0.27450980392156865,0.16333333333333333,0.8596491228070176,,0.546446071977037,,0.4175949367088608,0.8830359671481167,0.9917302798982188,0.7958141909137315,1.0,,,,
SEACON,normal_0_3_rep43,0.847457627118644,0.9259259259259259,0.78125,,0.34458028946326125,,1.2599418604651162,0.8494921514312096,0.9359104781281791,0.7776838546069316,1.0,,,,
SEACON,normal_0_3_rep44,0.12949640287769784,0.07012987012987013,0.84375,,0.5191152253914223,,1.225813953488372,0.8550084889643462,0.9913385826771653,0.7516417910447761,0.6666666666666666,,,,
SEACON,normal_0_3_rep45,0.7777777777777778,0.7777777777777778,0.7777777777777778,,0.46654498336695727,,0.9667164179104477,0.8760012816404998,0.9653954802259888,0.8017595307917889,,,,,
SEACON,normal_0_3_rep46,0.489795918367347,0.35294117647058826,0.8,,0.5370923293341425,,0.4698507462686567,0.8060220034742328,0.9830508474576272,0.6830225711481845,1.0,,,,
Alleloscope,amplitude_1_0_rep42,,,,,0.8694,,0.2484,0.5212,0.6465,0.4366,,,0.565,,
Alleloscope,amplitude_1_0_rep43,,,,,0.8322,,0.1389,0.4615,0.6803,0.3492,,,0.65,,
Alleloscope,amplitude_1_0_rep44,,,,,1,,0.2976,0.6133,0.8994,0.4653,,,0.615,,
Alleloscope,amplitude_1_0_rep45,,,,,0.8655,,0.2504,0.5185,0.7188,0.4055,,,0.63,,
Alleloscope,amplitude_1_0_rep46,,,,,0.6202,,0.2696,0.0217,0.5,0.0111,,,0.675,,
Alleloscope,amplitude_4_0_rep42,,,,,0.8368,,0.5858,0.2871,0.4009,0.2236,,,0.57,,
Alleloscope,amplitude_4_0_rep43,,,,,0.8095,,0.1834,0.4718,0.6854,0.3597,,,0.635,,
Alleloscope,amplitude_4_0_rep44,,,,,0.6743,,0.4708,0.2464,0.3123,0.2035,,,0.55,,
Alleloscope,amplitude_4_0_rep45,,,,,0.5894,,0.4419,0.3581,0.7267,0.2376,,,0.555,,
Alleloscope,amplitude_4_0_rep46,,,,,0.8495,,0.5893,0.0755,1,0.0392,,,0.585,,
Alleloscope,beta_0_1_rep42,,,,,0.7387,,0.2593,0.4443,0.7687,0.3124,,,0.64,,
Alleloscope,beta_0_1_rep43,,,,,0.7695,,0.1155,0.2091,0.48,0.1336,,,0.62,,
Alleloscope,beta_0_1_rep44,,,,,1,,0.3889,0.5659,0.5988,0.5364,,,0.515,,
Alleloscope,beta_0_1_rep45,,,,,1,,0.2361,0.5966,0.6846,0.5286,,,0.62,,
Alleloscope,beta_0_1_rep46,,,,,0.8104,,0.3273,0,0,0,,,0.63,,
Alleloscope,beta_0_3_rep42,,,,,0.9512,,0.3253,0.5263,0.8368,0.3838,,,0.61,,
Alleloscope,beta_0_3_rep43,,,,,0.8419,,0.1473,0.2276,0.4808,0.1491,,,0.64,,
Alleloscope,beta_0_3_rep44,,,,,1,,0.4027,0.558,0.5955,0.525,,,0.565,,
Alleloscope,beta_0_3_rep45,,,,,1,,0.221,0.6191,0.696,0.5574,,,0.64,,
Alleloscope,beta_0_3_rep46,,,,,0.7767,,0.3304,0.0134,0.1154,0.0071,,,0.625,,
Alleloscope,beta_0_5_rep42,,,,,0.9125,,0.3359,0.512,0.8308,0.37,,,0.6,,
Alleloscope,beta_0_5_rep43,,,,,0.807,,0.1807,0.2086,0.4861,0.1328,,,0.62,,
Alleloscope,beta_0_5_rep44,,,,,1,,0.4234,0.5511,0.5986,0.5106,,,0.555,,
Alleloscope,beta_0_5_rep45,,,,,0.6748,,0.2266,0.6212,0.6951,0.5614,,,0.645,,
Alleloscope,beta_0_5_rep46,,,,,0.7749,,0.3276,0.0135,0.1071,0.0072,,,0.625,,
Alleloscope,cells_500_rep42,,,,,0.7443,,0.4148,0.5342,0.8092,0.3987,,,0.57,,
Alleloscope,cells_500_rep43,,,,,0.6943,,0.1497,0.4589,0.5874,0.3766,,,0.624,,
Alleloscope,cells_500_rep44,,,,,0.8847,,0.603,0.4061,0.5918,0.3092,,,0.62,,
Alleloscope,cells_500_rep45,,,,,0.7918,,0.3238,0.6751,0.7168,0.6381,,,0.608,,
Alleloscope,cells_500_rep46,,,,,0.8893,,0.2256,0.4151,0.6923,0.2964,,,0.662,,
Alleloscope,cells_50_rep42,,,,,0.9334,,0.3902,0.511,0.7431,0.3894,,,0.34,,
Alleloscope,cells_50_rep43,,,,,0.5263,,0.0919,0.4962,0.6111,0.4177,,,0.4,,
Alleloscope,cells_50_rep44,,,,,1,,0.5877,0.4297,0.6183,0.3293,,,0.44,,
Alleloscope,cells_50_rep45,,,,,0.72,,0.3758,0.5156,0.7021,0.4074,,,0.34,,
Alleloscope,cells_50_rep46,,,,,-0.043,,0.2944,0,0,0,,,0.44,,
Alleloscope,clone_2_rep42,,,,,1,,0.4088,0.5385,0.5067,0.5745,,,0.695,,
Alleloscope,clone_2_rep43,,,,,0.4896,,0.2001,0.056,0.381,0.0302,,,0.675,,
Alleloscope,clone_2_rep44,,,,,1,,0.6035,0.5093,0.6853,0.4053,,,0.5,,
Alleloscope,clone_2_rep45,,,,,1,,0.3345,0.7198,0.9126,0.5943,,,0.595,,
Alleloscope,clone_2_rep46,,,,,0.2719,,0.1401,0.0584,0.6667,0.0305,,,0.71,,
Alleloscope,clone_4_rep42,,,,,0.9125,,0.3359,0.512,0.8308,0.37,,,0.6,,
Alleloscope,clone_4_rep43,,,,,0.807,,0.1807,0.2086,0.4861,0.1328,,,0.62,,
Alleloscope,clone_4_rep44,,,,,1,,0.4234,0.5511,0.5986,0.5106,,,0.555,,
Alleloscope,clone_4_rep45,,,,,0.6748,,0.2266,0.6212,0.6951,0.5614,,,0.645,,
Alleloscope,clone_4_rep46,,,,,0.7749,,0.3276,0.0135,0.1071,0.0072,,,0.625,,
Alleloscope,clone_8_rep42,,,,,0.4759,,0.1854,0.2102,0.5065,0.1327,,,0.65,,
Alleloscope,clone_8_rep43,,,,,0.7249,,0.088,0.591,0.5985,0.5836,,,0.705,,
Alleloscope,clone_8_rep44,,,,,0.5922,,0.1699,0.4338,0.5765,0.3477,,,0.625,,
Alleloscope,clone_8_rep45,,,,,0.8866,,0.181,0.7632,0.9156,0.6543,,,0.58,,
Alleloscope,clone_8_rep46,,,,,0.3126,,0.3316,0.5996,0.595,0.6043,,,0.645,,
Alleloscope,events_10_rep42,,,,,0.4508,,0.1,0.5329,1,0.3632,,,0.63,,
Alleloscope,events_10_rep43,,,,,0.6899,,0.1214,0.4922,0.75,0.3663,,,0.63,,
Alleloscope,events_10_rep44,,,,,0.5902,,0.261,0.584,0.5,0.702,,,0.615,,
Alleloscope,events_10_rep45,,,,,0.3447,,0.1135,0.1513,0.5,0.0891,,,0.635,,
Alleloscope,events_10_rep46,,,,,0.5325,,0.1374,0.0048,0.5,0.0024,,,0.605,,
Alleloscope,events_80_rep42,,,,,0.5479,,0.5575,0.3845,0.6778,0.2684,,,0.535,,
Alleloscope,events_80_rep43,,,,,0.6456,,0.3414,0.5665,0.6104,0.5286,,,0.56,,
Alleloscope,events_80_rep44,,,,,0.838,,0.8019,0.4397,0.5807,0.3538,,,0.54,,
Alleloscope,events_80_rep45,,,,,0.8699,,0.4813,0.6857,0.7441,0.6358,,,0.545,,
Alleloscope,events_80_rep46,,,,,0.6736,,0.2973,0.4787,0.6167,0.3911,,,0.685,,
Alleloscope,focal_0_3_rep42,,,,,1,,0.4809,0.5419,0.5755,0.512,,,0.61,,
Alleloscope,focal_0_3_rep43,,,,,0.8025,,0.3052,0.6995,0.6462,0.7624,,,0.605,,
Alleloscope,focal_0_3_rep44,,,,,0.642,,0.6463,0.7125,0.6273,0.8244,,,0.535,,
Alleloscope,focal_0_3_rep45,,,,,1,,0.5473,0.6849,0.6858,0.6839,,,0.675,,
Alleloscope,focal_0_3_rep46,,,,,0.8297,,0.6104,0.6661,0.5949,0.7566,,,0.64,,
Alleloscope,focal_1_0_rep42,,,,,0.3488,,0.3877,0,0,0,,,0.595,,
Alleloscope,focal_1_0_rep43,,,,,0.0132,,0.2373,0,0,0,,,0.625,,
Alleloscope,focal_1_0_rep44,,,,,0.5511,,0.5018,0,0,0,,,0.635,,
Alleloscope,focal_1_0_rep45,,,,,0.6275,,0.2943,0.0056,0.3846,0.0028,,,0.585,,
Alleloscope,focal_1_0_rep46,,,,,0,,0.196,0,0,0,,,0.655,,
Alleloscope,normal_0_0_rep42,,,,,0.781,,0.6023,0.4728,0.5765,0.4008,,,0.63,,
Alleloscope,normal_0_0_rep43,,,,,1,,0.1844,0.4367,0.5788,0.3506,,,0.64,,
Alleloscope,normal_0_0_rep44,,,,,1,,0.6156,0.3228,0.5554,0.2275,,,0.65,,
Alleloscope,normal_0_0_rep45,,,,,1,,0.4416,0.6462,0.6775,0.6177,,,0.655,,
Alleloscope,normal_0_0_rep46,,,,,0.7212,,0.2628,0.4191,0.7106,0.2972,,,0.655,,
Alleloscope,normal_0_3_rep42,,,,,0.6944,,0.2842,0.5289,0.7619,0.4051,,,0.66,,
Alleloscope,normal_0_3_rep43,,,,,0.4678,,0.0755,0.4149,0.5654,0.3276,,,0.675,,
Alleloscope,normal_0_3_rep44,,,,,0.9154,,0.4991,0.2884,0.649,0.1854,,,0.605,,
Alleloscope,normal_0_3_rep45,,,,,0.9693,,0.2124,0.6756,0.7539,0.612,,,0.585,,
Alleloscope,normal_0_3_rep46,,,,,0.513,,0.1696,0.4176,0.7037,0.2969,,,0.635,,
CONET,amplitude_1_0_rep42,0.43298969072164956,,,0.305,0.011975168045758208,0.041600947426014334,,,,,,0.375,,1.2936842105263158,1.0
CONET,amplitude_1_0_rep43,0.39622641509433965,,,0.37,-0.014348198015836365,0.02968870130992683,,,,,,0.375,,1.144,1.0
CONET,amplitude_1_0_rep44,0.48837209302325585,,,0.47,-0.002158295818344484,0.011928237005402156,,,,,,0.25,,1.9673846153846153,0.6
CONET,amplitude_1_0_rep45,0.336,,,0.38,-0.03216813595526936,0.043113166507427816,,,,,,0.375,,1.3651442307692307,1.0
CONET,amplitude_1_0_rep46,0.46153846153846156,,,0.345,-0.02932334613127678,0.016058101710378254,,,,,,0.25,,1.3216428571428571,1.0
CONET,amplitude_4_0_rep42,0.3684210526315789,,,0.29,-0.01283725741672238,0.022239903873483426,,,,,,0.25,,3.177795698924731,1.0
CONET,amplitude_4_0_rep43,0.3652173913043478,,,0.315,-0.001026231675493759,0.03442939305019214,,,,,,0.375,,1.673936170212766,1.0
CONET,amplitude_4_0_rep44,0.40776699029126207,,,0.36,-0.03516603845251583,0.04626299117524618,,,,,,0.375,,2.801951219512195,1.0
CONET,amplitude_4_0_rep45,0.37168141592920356,,,0.33,-0.014145139900513571,0.03338137157532455,,,,,,0.625,,1.9440760869565217,1.0
CONET,amplitude_4_0_rep46,0.43298969072164956,,,0.33,-0.025105854580805564,0.042460008711817994,,,,,,0.25,,4.642236842105263,1.0
CONET,beta_0_1_rep42,0.49411764705882355,,,0.325,-0.004845538747387326,0.02390152016955003,,,,,,0.375,,1.802734375,1.0
CONET,beta_0_1_rep43,0.4285714285714286,,,0.385,0.0017816423692778817,0.033414962661526326,,,,,,0.375,,1.4731818181818181,1.0
CONET,beta_0_1_rep44,0.45652173913043476,,,0.295,0.0005242135769817381,0.023984749509355675,,,,,,0.375,,1.9870422535211267,1.0
CONET,beta_0_1_rep45,0.39622641509433965,,,0.295,-0.0067407395805906,0.021844758287173895,,,,,,0.375,,1.2613529411764706,1.0
CONET,beta_0_1_rep46,0.5121951219512195,,,0.43,-0.00785603758601952,0.030933447979349066,,,,,,0.375,,2.2725409836065573,0.6
CONET,beta_0_3_rep42,0.49411764705882355,,,0.355,0.01021705694454608,0.018517783884664542,,,,,,0.25,,2.139921875,1.0
CONET,beta_0_3_rep43,0.4285714285714286,,,0.425,0.03575111609444756,0.06551732697970619,,,,,,0.375,,1.7031818181818181,1.0
CONET,beta_0_3_rep44,0.45652173913043476,,,0.41,0.00020866731392216935,0.0483544893473833,,,,,,0.375,,2.2390845070422536,1.0
CONET,beta_0_3_rep45,0.39622641509433965,,,0.385,-0.002226638499503104,0.03720175146687086,,,,,,0.375,,1.2361764705882352,0.8
CONET,beta_0_3_rep46,0.5121951219512195,,,0.425,-0.0115285920080651,0.0173743481510432,,,,,,0.375,,2.2700819672131147,0.6
CONET,beta_0_5_rep42,0.49411764705882355,,,0.305,0.0023708042929846203,0.05566845318162954,,,,,,0.25,,2.290390625,1.0
CONET,beta_0_5_rep43,0.4285714285714286,,,0.365,-0.0023067567165909525,0.03216535425380992,,,,,,0.25,,1.8348701298701298,0.8
CONET,beta_0_5_rep44,0.45652173913043476,,,0.485,0.004003733061470848,0.031205246156369472,,,,,,0.25,,2.3661267605633802,0.6
CONET,beta_0_5_rep45,0.39622641509433965,,,0.405,-0.00361034912165933,0.028362086324984076,,,,,,0.3333333333333333,,1.255764705882353,1.0
CONET,beta_0_5_rep46,0.5121951219512195,,,0.415,-0.00373149617313238,0.006138970278315784,,,,,,0.25,,2.3600819672131146,0.4
CONET,cells_500_rep42,0.42,,,0.29,0.0010446511995193095,0.005382154247724217,,,,,,0.25,,2.3127088607594937,1.0
CONET,cells_500_rep43,0.3925233644859813,,,0.322,0.00654478820810427,0.017427700405178402,,,,,,0.25,,1.6636511627906976,1.0
CONET,cells_500_rep44,0.3925233644859813,,,0.302,-0.01490777591693311,0.014248609462612017,,,,,,0.375,,3.2415348837209303,1.0
CONET,cells_500_rep45,0.47727272727272724,,,0.304,-0.005424465016749748,0.006846868878135206,,,,,,0.375,,2.0338805970149254,1.0
CONET,cells_500_rep46,0.47727272727272724,,,0.302,-0.016982062652320346,0.011460043002425431,,,,,,0.25,,1.5230746268656716,1.0
CONET,cells_50_rep42,0.42,,,0.28,-0.004468991104178085,0.03318197396214927,,,,,,0.375,,2.2941772151898734,0.4
CONET,cells_50_rep43,0.3925233644859813,,,0.36,0.000339660713488992,0.10485857517120978,,,,,,0.375,,1.5493023255813954,1.0
CONET,cells_50_rep44,0.3925233644859813,,,0.36,8.304135176222241e-05,0.07624727771378594,,,,,,0.5,,3.091860465116279,0.6
CONET,cells_50_rep45,0.47727272727272724,,,0.34,0.010807975228694477,0.09793605785523661,,,,,,0.5,,2.0194029850746267,0.75
CONET,cells_50_rep46,0.47727272727272724,,,0.54,-0.012154233025984913,0.09164831745919776,,,,,,0.5,,1.495820895522388,0.8
CONET,clone_2_rep42,0.5,,,0.825,-0.03178050617865403,0.01051228795641447,,,,,,0.25,,2.3057142857142856,1.0
CONET,clone_2_rep43,0.5316455696202531,,,0.66,-0.05621253802907913,0.0160970284380358,,,,,,0.25,,2.255086206896552,1.0
CONET,clone_2_rep44,0.031746031746031744,,,0.545,-0.014581524907313941,0.005820170374177317,,,,,,0.0,,1.8177777777777777,0.6666666666666666
CONET,clone_2_rep45,0.43749999999999994,,,0.5,0.0007008692349209631,0.009039348143533792,,,,,,0.25,,2.4616666666666664,1.0
CONET,clone_2_rep46,0.6176470588235293,,,0.805,-0.00824402057814499,0.0032592140050912545,,,,,,0.25,,1.548936170212766,0.6666666666666666
CONET,clone_4_rep42,0.49411764705882355,,,0.31,-0.0014590493038081488,0.018180683734013207,,,,,,0.25,,2.2859375,0.8
CONET,clone_4_rep43,0.4285714285714286,,,0.34,-0.01010598068855997,0.04315854151253971,,,,,,0.375,,1.794155844155844,1.0
CONET,clone_4_rep44,0.45652173913043476,,,0.485,0.004003733061470848,0.031205246156369472,,,,,,0.25,,2.3661267605633802,0.6
CONET,clone_4_rep45,0.39622641509433965,,,0.395,-0.0065106202637574655,0.013268356963893443,,,,,,0.5,,1.2444117647058823,0.75
CONET,clone_4_rep46,0.5121951219512195,,,0.415,-0.00373149617313238,0.006138970278315784,,,,,,0.25,,2.3600819672131146,0.4
CONET,clone_8_rep42,0.42,,,0.25,0.0075622636106378,0.06219099111955978,,,,,,0.375,,1.6681645569620254,0.6666666666666666
CONET,clone_8_rep43,0.40776699029126207,,,0.28,0.013230635948758012,0.07125808260341793,,,,,,0.375,,1.193780487804878,0.7777777777777778
CONET,clone_8_rep44,0.4719101123595506,,,0.25,-0.0003439671467157188,0.0466793165276819,,,,,,0.375,,1.4029411764705881,0.6666666666666666
CONET,clone_8_rep45,0.45161290322580644,,,0.47,0.0024641247644945053,0.04243332743852869,,,,,,0.5,,1.2174305555555556,0.875
CONET,clone_8_rep46,0.43298969072164956,,,0.325,-0.0074890928969694815,0.08898553609173218,,,,,,0.4375,,2.440592105263158,0.8888888888888888
CONET,events_10_rep42,0.7777777777777778,,,0.32,-0.004370727078576604,0.02655356798105222,,,,,,0.375,,1.0007575757575757,0.8
CONET,events_10_rep43,0.6885245901639344,,,0.34,0.0009130167369621299,0.02107384252801252,,,,,,0.25,,1.52975,1.0
CONET,events_10_rep44,0.7000000000000001,,,0.33,-0.025010916005271916,0.044799939962734854,,,,,,0.25,,1.4657692307692307,1.0
CONET,events_10_rep45,0.7368421052631579,,,0.335,-0.029178252973001747,0.05444145830576828,,,,,,0.375,,1.061388888888889,1.0
CONET,events_10_rep46,0.6885245901639344,,,0.34,-0.0157281633702017,0.021496837706858916,,,,,,0.25,,1.116875,1.0
CONET,events_80_rep42,0.2658227848101266,,,0.375,0.04320343040221628,0.04232032833530194,,,,,,0.375,,2.6184306569343065,1.0
CONET,events_80_rep43,0.2592592592592593,,,0.32,0.017703705047462374,0.03766681349384974,,,,,,0.375,,2.410496453900709,1.0
CONET,events_80_rep44,0.2781456953642384,,,0.305,-0.013372473055010778,0.02948530117507502,,,,,,0.375,,4.0315,1.0
CONET,events_80_rep45,0.28378378378378377,,,0.35,0.0041172834485061404,0.02267166655679946,,,,,,0.375,,2.5213779527559055,1.0
CONET,events_80_rep46,0.33870967741935487,,,0.355,0.01451913376605549,0.04011879269240437,,,,,,0.375,,2.0615533980582526,1.0
CONET,focal_0_3_rep42,0.5185185185185185,,,0.32,-0.006885809305180318,0.03689873578028939,,,,,,0.375,,2.4704166666666665,1.0
CONET,focal_0_3_rep43,0.5316455696202531,,,0.345,-0.0018120106850548145,0.0329221258118201,,,,,,0.375,,2.335948275862069,1.0
CONET,focal_0_3_rep44,0.4827586206896552,,,0.415,0.020908880565166165,0.02448363134530177,,,,,,0.375,,3.888712121212121,0.8
CONET,focal_0_3_rep45,0.5121951219512195,,,0.34,-0.004112491283725261,0.019249492787231183,,,,,,0.375,,3.3848360655737704,1.0
CONET,focal_0_3_rep46,0.6086956521739131,,,0.325,-0.01526332623108444,0.018628074003050814,,,,,,0.375,,3.5035416666666666,1.0
CONET,focal_1_0_rep42,0.3652173913043478,,,0.29,-0.01168756818463743,0.02344503832392809,,,,,,0.375,,2.0271808510638296,1.0
CONET,focal_1_0_rep43,0.39622641509433965,,,0.33,-0.0037761538870608275,0.04748659212329275,,,,,,0.375,,1.8951176470588236,1.0
CONET,focal_1_0_rep44,0.375,,,0.415,0.008226474474939358,0.029620335790422007,,,,,,0.375,,2.927197802197802,1.0
CONET,focal_1_0_rep45,0.28571428571428575,,,0.415,0.002388531324698481,0.023584827672198046,,,,,,0.3333333333333333,,1.5180555555555555,1.0
CONET,focal_1_0_rep46,0.39999999999999997,,,0.39,-0.006371046085928245,0.0218943003936966,,,,,,0.375,,1.51875,0.8
CONET,normal_0_0_rep42,0.42,,,0.35,0.014606690588609788,0.02031988417813035,,,,,,0.5,,2.4314556962025318,1.0
CONET,normal_0_0_rep43,0.3925233644859813,,,0.355,0.011351257800808331,0.015910782954485787,,,,,,0.6666666666666666,,1.6004651162790697,1.0
CONET,normal_0_0_rep44,0.3925233644859813,,,0.465,0.013743759261971477,0.016602355195817278,,,,,,0.3333333333333333,,3.7405232558139536,1.0
CONET,normal_0_0_rep45,0.47727272727272724,,,0.43,-0.011360434807934057,0.016559471947952334,,,,,,0.75,,2.208955223880597,1.0
CONET,normal_0_0_rep46,0.47727272727272724,,,0.4,0.0027903833351225543,0.025899214719672364,,,,,,0.3333333333333333,,1.6114925373134328,1.0
CONET,normal_0_3_rep42,0.42,,,0.28,-0.0041024748801064366,0.021479492703427753,,,,,,0.375,,2.0044303797468355,0.8
CONET,normal_0_3_rep43,0.3925233644859813,,,0.315,0.00028929152470994287,0.02605741541403608,,,,,,0.375,,1.4436046511627907,0.8
CONET,normal_0_3_rep44,0.3925233644859813,,,0.35,-0.0038569789429894336,0.02242064917688747,,,,,,0.375,,2.8351162790697675,1.0
CONET,normal_0_3_rep45,0.47727272727272724,,,0.36,0.0076064689878883734,0.033529154636493516,,,,,,0.5,,1.8705970149253732,1.0
CONET,normal_0_3_rep46,0.47727272727272724,,,0.325,-0.0005922442396599267,0.043884994513506095,,,,,,0.25,,1.457910447761194,1.0
CNRein,amplitude_1_0_rep42,0.0,,,,-0.0016727292732862384,0.00787020920176111,0.28269736842105264,0.0,,,,,,0.4119078947368421,
CNRein,amplitude_1_0_rep43,0.028844420407427438,,,,0.8753848691104021,0.9089151643485788,0.2615294117647059,0.0,,,,,,0.3672941176470588,
CNRein,amplitude_1_0_rep44,0.0,,,,0.004503111814019806,0.039846514867821196,0.36630769230769233,0.0,,,,,,0.8387692307692308,
CNRein,amplitude_1_0_rep45,0.0,,,,0.3164854127425397,0.5342566037426131,0.36788461538461537,0.0,,,,,,0.6334615384615384,
CNRein,amplitude_1_0_rep46,0.023876404494382022,,,,0.7543582296024299,0.840981581524928,0.4074285714285714,0.10556464811783961,,,,,,0.5462857142857143,
CNRein,amplitude_4_0_rep42,0.0,,,,-0.001730590689001281,0.007793964749310461,0.5062365591397849,0.0,,,,,,1.9501075268817205,
CNRein,amplitude_4_0_rep43,0.0,,,,0.009698359062531657,0.024749649361330565,0.2911170212765957,0.0,,,,,,0.7994148936170212,
CNRein,amplitude_4_0_rep44,0.0,,,,-0.0022386473457085476,0.023632468120978602,0.4395121951219512,0.0,,,,,,1.7302439024390244,
CNRein,amplitude_4_0_rep45,0.0,,,,-0.0031209158495390044,0.006690375259620675,0.43923913043478263,0.0,,,,,,1.3457608695652175,
CNRein,amplitude_4_0_rep46,0.0,,,,,,0.5431578947368421,0.0,,,,,,2.909473684210526,
CNRein,beta_0_1_rep42,0.021819461551997186,,,,0.8283321344674254,0.9017996153035547,0.426015625,0.04390471742176553,,,,,,0.952578125,
CNRein,beta_0_1_rep43,0.024025133986324155,,,,0.7179435277524852,0.8451239890294631,0.25,0.0,,,,,,0.6863636363636364,
CNRein,beta_0_1_rep44,0.0,,,,-0.0036467526045780136,0.006200898281436658,0.4064084507042254,0.0,,,,,,1.0711971830985916,
CNRein,beta_0_1_rep45,0.0,,,,0.010786043568454915,0.08989478016702865,0.28341176470588236,0.0,,,,,,0.4875294117647059,
CNRein,beta_0_1_rep46,0.020610687022900767,,,,0.7398926539496972,0.756379035018964,0.6528688524590164,0.0,,,,,,2.445655737704918,
CNRein,beta_0_3_rep42,0.0,,,,-0.000625643302589356,0.008568516736897368,0.394296875,0.0,,,,,,0.968359375,
CNRein,beta_0_3_rep43,0.024189114898295765,,,,0.8767209091716345,0.9092116868261322,0.31344155844155847,0.05114638447971781,,,,,,0.9730519480519481,
CNRein,beta_0_3_rep44,0.0,,,,,,0.41098591549295777,0.0,,,,,,1.0914084507042254,
CNRein,beta_0_3_rep45,0.0,,,,0.031173849455110196,0.11125822473362552,0.284,0.0,,,,,,0.4783529411764706,
CNRein,beta_0_3_rep46,0.020634314100114636,,,,0.7141046428484581,0.7542298754749681,0.45377049180327866,0.0,,,,,,1.2824590163934426,
CNRein,beta_0_5_rep42,0.0,,,,-0.0009339171296081094,0.017848089280535825,0.408671875,0.0,,,,,,1.057421875,
CNRein,beta_0_5_rep43,0.024029574861367836,,,,0.8830157893239892,0.9203740303371715,0.2729220779220779,0.0,,,,,,0.8303246753246754,
CNRein,beta_0_5_rep44,0.0,,,,,,0.4199295774647887,0.0,,,,,,1.1361267605633802,
CNRein,beta_0_5_rep45,0.0,,,,0.048031952917500856,0.14256916512173,0.2858823529411765,0.0,,,,,,0.48294117647058826,
CNRein,beta_0_5_rep46,0.02049335863377609,,,,0.7113127171978006,0.7598051447407883,0.5550819672131148,0.0,,,,,,1.4944262295081967,
CNRein,cells_500_rep42,0.0,,,,-0.00028734399124632956,0.007298228050366622,0.431873417721519,0.0,,,,,,1.1011392405063292,
CNRein,cells_500_rep43,0.0,,,,0.00029393296059990144,0.00850675477001483,0.24911627906976744,0.0,,,,,,0.5983255813953489,
CNRein,cells_500_rep44,0.0,,,,0.010249541985355578,0.017076577876297683,0.5621162790697675,0.0,,,,,,1.965093023255814,
CNRein,cells_500_rep45,0.0,,,,-0.0032515360547032022,0.008265954422469078,0.45844776119402986,0.0,,,,,,1.072955223880597,
CNRein,cells_500_rep46,0.0,,,,-0.002723560796424215,0.006242171845504292,0.25149253731343285,0.0,,,,,,0.5220597014925373,
CNRein,cells_50_rep42,0.06848520023215322,,,,0.7352516119817556,0.8548221279184075,0.7129113924050633,0.15172413793103448,,,,,,1.8956962025316455,
CNRein,cells_50_rep43,0.06138107416879795,,,,0.802875778663024,0.8958735268477609,0.42023255813953486,0.08191126279863481,,,,,,1.3109302325581396,
CNRein,cells_50_rep44,0.07542857142857143,,,,1.0,1.0000000000000002,0.9532558139534884,0.10238907849829353,,,,,,3.3109302325581393,
CNRein,cells_50_rep45,0.054859868813357186,,,,0.6143004932755596,0.809467743772104,0.6570149253731343,0.3690036900369003,,,,,,1.3913432835820896,
CNRein,cells_50_rep46,0.07133058984910838,,,,0.508651989472978,0.7215606742415819,0.5588059701492537,0.00690846286701209,,,,,,1.2734328358208955,
CNRein,clone_2_rep42,0.0,,,,,,0.41873015873015873,0.0,,,,,,1.13,
CNRein,clone_2_rep43,0.019904034121201352,,,,0.6291173733908039,0.6750606559674706,0.38862068965517244,0.0,,,,,,1.315,
CNRein,clone_2_rep44,0.0,,,,-0.009647027342887887,0.00861647701431297,0.5781746031746032,0.0,,,,,,1.805,
CNRein,clone_2_rep45,0.0,,,,0.6401083577480929,0.72765430638761,0.4921333333333333,0.0,,,,,,1.3737333333333333,
CNRein,clone_2_rep46,0.014368389543005388,,,,0.543644994850505,0.6018191676418831,0.18648936170212765,0.10104011887072809,,,,,,0.5179787234042553,
CNRein,clone_4_rep42,0.0,,,,-0.0009339171296081094,0.017848089280535825,0.408671875,0.0,,,,,,1.057421875,
CNRein,clone_4_rep43,0.024029574861367836,,,,0.8830157893239892,0.9203740303371715,0.2729220779220779,0.0,,,,,,0.8303246753246754,
CNRein,clone_4_rep44,0.0,,,,,,0.4199295774647887,0.0,,,,,,1.1361267605633802,
CNRein,clone_4_rep45,0.0,,,,0.048031952917500856,0.14256916512173,0.2858823529411765,0.0,,,,,,0.48294117647058826,
CNRein,clone_4_rep46,0.02049335863377609,,,,0.7113127171978006,0.7598051447407883,0.5550819672131148,0.0,,,,,,1.4944262295081967,
CNRein,clone_8_rep42,0.026661862727436498,,,,0.39958423206666915,0.6671732842800844,0.2830379746835443,0.018656716417910446,,,,,,0.680253164556962,
CNRein,clone_8_rep43,0.027896596615212946,,,,0.7384688757647007,0.8459779074076441,0.18396341463414634,0.08995502248875561,,,,,,0.30810975609756097,
CNRein,clone_8_rep44,0.02185205086870858,,,,0.7597968823421697,0.8683466558311113,0.43433823529411764,0.1256931608133087,,,,,,1.0816911764705883,
CNRein,clone_8_rep45,0.023140495867768594,,,,0.5057173717863995,0.7653633411189278,0.376875,0.05067064083457526,,,,,,0.5703472222222222,
CNRein,clone_8_rep46,0.0,,,,0.0039627961891842665,0.017153929103199524,0.47789473684210526,0.0,,,,,,1.2515789473684211,
CNRein,events_10_rep42,0.010607915136678909,,,,0.07513890762098872,0.2232254281194208,0.1481818181818182,0.2780373831775701,,,,,,0.263030303030303,
CNRein,events_10_rep43,0.01081081081081081,,,,0.6862665111585705,0.796569065844857,0.185125,0.19277108433734938,,,,,,0.496625,
CNRein,events_10_rep44,0.012153437143942271,,,,0.8063712776682872,0.8289567692093396,0.3232051282051282,0.3383947939262473,,,,,,0.6298717948717949,
CNRein,events_10_rep45,0.01185241827566431,,,,0.7110181030317504,0.8023287032165805,0.18958333333333333,0.0,,,,,,0.35986111111111113,
CNRein,events_10_rep46,0.013341181086913872,,,,0.48867286284608713,0.5970193730228103,0.269875,0.07307692307692308,,,,,,0.453875,
CNRein,events_80_rep42,0.0,,,,0.3024282530389987,0.46569586604230373,0.5423722627737226,0.0,,,,,,1.5714233576642336,
CNRein,events_80_rep43,0.0,,,,-0.004700214423991404,0.01433430729202653,0.46386524822695036,0.0,,,,,,1.322517730496454,
CNRein,events_80_rep44,0.0,,,,-0.0015253390972454976,0.007718362772043039,0.9327692307692308,0.0,,,,,,2.605384615384615,
CNRein,events_80_rep45,0.0,,,,-0.0033151875506245983,0.031184823853662873,0.6826771653543308,0.0,,,,,,1.5363779527559056,
CNRein,events_80_rep46,0.0,,,,0.0015490602047942659,0.010845826305872537,0.4040776699029126,0.0,,,,,,0.9169902912621359,
CNRein,focal_0_3_rep42,0.0,,,,0.3640597660106018,0.5695556273757547,0.5801666666666667,0.05951307484220018,,,,,,1.3223333333333334,
CNRein,focal_0_3_rep43,0.0,,,,0.011579718348948647,0.028153379966315662,0.4354310344827586,0.0,,,,,,1.2257758620689656,
CNRein,focal_0_3_rep44,0.0,,,,0.6385057862763039,0.6712505556920787,0.8154545454545454,0.0,,,,,,2.4724242424242426,
CNRein,focal_0_3_rep45,0.0,,,,-0.003898903587193991,0.006187682330072318,0.8128688524590164,0.0,,,,,,2.1771311475409836,
CNRein,focal_0_3_rep46,0.0,,,,0.10074245888782485,0.2011657905068923,0.6561458333333333,0.0,,,,,,2.2546875,
CNRein,focal_1_0_rep42,0.0,,,,0.0005499699713358108,0.0296933920829832,0.38148936170212766,0.0,,,,,,0.9531914893617022,
CNRein,focal_1_0_rep43,0.028642149929278642,,,,0.29706036283035775,0.5521676242463969,0.3025294117647059,0.11737451737451737,,,,,,0.9384117647058824,
CNRein,focal_1_0_rep44,0.0,,,,-0.0029687993854256513,0.005545094924537368,0.425989010989011,0.0,,,,,,1.3557692307692308,
CNRein,focal_1_0_rep45,0.0,,,,,,0.25043650793650796,0.0,,,,,,0.5244047619047619,
CNRein,focal_1_0_rep46,0.0275049115913556,,,,0.7301215282022563,0.7631288161529417,0.2550595238095238,0.0,,,,,,0.5675595238095238,
CNRein,normal_0_0_rep42,0.0,,,,-0.001725056198234032,0.021979821556819185,0.48348101265822785,0.0,,,,,,1.2322151898734177,
CNRein,normal_0_0_rep43,0.0,,,,-0.003043360759353934,0.0054665939181860876,0.2778488372093023,0.0,,,,,,0.6723837209302326,
CNRein,normal_0_0_rep44,0.0,,,,0.009632421756011684,0.014978232183910745,0.6323255813953489,0.0,,,,,,2.201279069767442,
CNRein,normal_0_0_rep45,0.0,,,,-0.01649467486171222,0.023645188401491775,0.49417910447761193,0.0,,,,,,1.175820895522388,
CNRein,normal_0_0_rep46,0.021701085054252712,,,,0.9068582957986935,0.9228408066361864,0.37850746268656715,0.007020623080298377,,,,,,0.8404477611940299,
CNRein,normal_0_3_rep42,0.0,,,,-0.001810145722747561,0.016978564686021883,0.33772151898734176,0.0,,,,,,0.8688607594936709,
CNRein,normal_0_3_rep43,0.028465998945703744,,,,0.664067429947173,0.8349362842175572,0.2958720930232558,0.17076326002587322,,,,,,0.7101744186046511,
CNRein,normal_0_3_rep44,0.0,,,,0.005384413126879907,0.015665380937655474,0.4530232558139535,0.0,,,,,,1.5866279069767442,
CNRein,normal_0_3_rep45,0.0,,,,-0.005541751238205105,0.009148122003303547,0.3402985074626866,0.0,,,,,,0.8114925373134328,
CNRein,normal_0_3_rep46,0.020076656324146742,,,,0.7124955951548659,0.8559188163004002,0.27873134328358207,0.0,,,,,,0.621268656716418,
