tool,dataset,runtime_seconds,runtime_minutes
Alleloscope,amplitude_1_0_rep42,1194,19.9
Alleloscope,amplitude_1_0_rep43,722,12.03
Alleloscope,amplitude_1_0_rep44,689,11.48
Alleloscope,amplitude_1_0_rep45,510,8.5
Alleloscope,amplitude_1_0_rep46,727,12.12
Alleloscope,amplitude_4_0_rep42,758,12.63
Alleloscope,amplitude_4_0_rep43,707,11.78
Alleloscope,amplitude_4_0_rep44,999,16.65
Alleloscope,amplitude_4_0_rep45,812,13.53
Alleloscope,amplitude_4_0_rep46,877,14.62
Alleloscope,beta_0_1_rep42,807,13.45
Alleloscope,beta_0_1_rep43,749,12.48
Alleloscope,beta_0_1_rep44,983,16.38
Alleloscope,beta_0_1_rep45,972,16.2
Alleloscope,beta_0_1_rep46,891,14.85
Alleloscope,beta_0_3_rep42,834,13.9
Alleloscope,beta_0_3_rep43,731,12.18
Alleloscope,beta_0_3_rep44,809,13.48
Alleloscope,beta_0_3_rep45,795,13.25
Alleloscope,beta_0_3_rep46,931,15.52
Alleloscope,beta_0_5_rep42,1994,33.23
Alleloscope,beta_0_5_rep43,753,12.55
Alleloscope,beta_0_5_rep44,930,15.5
Alleloscope,beta_0_5_rep45,706,11.77
Alleloscope,beta_0_5_rep46,1002,16.7
Alleloscope,cells_500_rep42,1526,25.43
Alleloscope,cells_500_rep43,1275,21.25
Alleloscope,cells_500_rep44,1209,20.15
Alleloscope,cells_500_rep45,1304,21.73
Alleloscope,cells_500_rep46,1452,24.2
Alleloscope,cells_50_rep42,355,5.92
Alleloscope,cells_50_rep43,322,5.37
Alleloscope,cells_50_rep44,354,5.9
Alleloscope,cells_50_rep45,327,5.45
Alleloscope,cells_50_rep46,407,6.78
Alleloscope,clone_2_rep42,1038,17.3
Alleloscope,clone_2_rep43,802,13.37
Alleloscope,clone_2_rep44,800,13.33
Alleloscope,clone_2_rep45,819,13.65
Alleloscope,clone_2_rep46,1243,20.72
Alleloscope,clone_4_rep42,890,14.83
Alleloscope,clone_4_rep43,1266,21.1
Alleloscope,clone_4_rep44,808,13.47
Alleloscope,clone_4_rep45,939,15.65
Alleloscope,clone_4_rep46,985,16.42
Alleloscope,clone_8_rep42,845,14.08
Alleloscope,clone_8_rep43,866,14.43
Alleloscope,clone_8_rep44,784,13.07
Alleloscope,clone_8_rep45,1131,18.85
Alleloscope,clone_8_rep46,1314,21.9
Alleloscope,events_10_rep42,835,13.92
Alleloscope,events_10_rep43,830,13.83
Alleloscope,events_10_rep44,889,14.82
Alleloscope,events_10_rep45,947,15.78
Alleloscope,events_10_rep46,800,13.33
Alleloscope,events_80_rep42,700,11.67
Alleloscope,events_80_rep43,765,12.75
Alleloscope,events_80_rep44,743,12.38
Alleloscope,events_80_rep45,598,9.97
Alleloscope,events_80_rep46,1207,20.12
Alleloscope,focal_0_3_rep42,722,12.03
Alleloscope,focal_0_3_rep43,697,11.62
Alleloscope,focal_0_3_rep44,739,12.32
Alleloscope,focal_0_3_rep45,563,9.38
Alleloscope,focal_0_3_rep46,694,11.57
Alleloscope,focal_1_0_rep42,770,12.83
Alleloscope,focal_1_0_rep43,1110,18.5
Alleloscope,focal_1_0_rep44,789,13.15
Alleloscope,focal_1_0_rep45,896,14.93
Alleloscope,focal_1_0_rep46,914,15.23
Alleloscope,normal_0_0_rep42,691,11.52
Alleloscope,normal_0_0_rep43,672,11.2
Alleloscope,normal_0_0_rep44,648,10.8
Alleloscope,normal_0_0_rep45,600,10.0
Alleloscope,normal_0_0_rep46,813,13.55
Alleloscope,normal_0_3_rep42,741,12.35
Alleloscope,normal_0_3_rep43,784,13.07
Alleloscope,normal_0_3_rep44,696,11.6
Alleloscope,normal_0_3_rep45,652,10.87
Alleloscope,normal_0_3_rep46,855,14.25
CNRein,amplitude_1_0_rep42,838,13.97
CNRein,amplitude_1_0_rep43,797,13.28
CNRein,amplitude_1_0_rep44,821,13.68
CNRein,amplitude_1_0_rep45,839,13.98
CNRein,amplitude_1_0_rep46,833,13.88
CNRein,amplitude_4_0_rep42,1560,26.0
CNRein,amplitude_4_0_rep43,837,13.95
CNRein,amplitude_4_0_rep44,947,15.78
CNRein,amplitude_4_0_rep45,893,14.88
CNRein,amplitude_4_0_rep46,869,14.48
CNRein,beta_0_1_rep42,831,13.85
CNRein,beta_0_1_rep43,791,13.18
CNRein,beta_0_1_rep44,902,15.03
CNRein,beta_0_1_rep45,884,14.73
CNRein,beta_0_1_rep46,819,13.65
CNRein,beta_0_3_rep42,1375,22.92
CNRein,beta_0_3_rep43,786,13.1
CNRein,beta_0_3_rep44,892,14.87
CNRein,beta_0_3_rep45,892,14.87
CNRein,beta_0_3_rep46,784,13.07
CNRein,beta_0_5_rep42,864,14.4
CNRein,beta_0_5_rep43,803,13.38
CNRein,beta_0_5_rep44,873,14.55
CNRein,beta_0_5_rep45,1525,25.42
CNRein,beta_0_5_rep46,791,13.18
CNRein,cells_500_rep42,3786,63.1
CNRein,cells_500_rep43,5104,85.07
CNRein,cells_500_rep44,5376,89.6
CNRein,cells_500_rep45,5485,91.42
CNRein,cells_500_rep46,5405,90.08
CNRein,cells_50_rep42,175,2.92
CNRein,cells_50_rep43,165,2.75
CNRein,cells_50_rep44,167,2.78
CNRein,cells_50_rep45,170,2.83
CNRein,cells_50_rep46,157,2.62
CNRein,clone_2_rep42,887,14.78
CNRein,clone_2_rep43,806,13.43
CNRein,clone_2_rep44,907,15.12
CNRein,clone_2_rep45,925,15.42
CNRein,clone_2_rep46,795,13.25
CNRein,clone_4_rep42,844,14.07
CNRein,clone_4_rep43,813,13.55
CNRein,clone_4_rep44,857,14.28
CNRein,clone_4_rep45,867,14.45
CNRein,clone_4_rep46,802,13.37
CNRein,clone_8_rep42,810,13.5
CNRein,clone_8_rep43,827,13.78
CNRein,clone_8_rep44,1401,23.35
CNRein,clone_8_rep45,1310,21.83
CNRein,clone_8_rep46,845,14.08
CNRein,events_10_rep42,762,12.7
CNRein,events_10_rep43,763,12.72
CNRein,events_10_rep44,790,13.17
CNRein,events_10_rep45,791,13.18
CNRein,events_10_rep46,1174,19.57
CNRein,events_80_rep42,940,15.67
CNRein,events_80_rep43,974,16.23
CNRein,events_80_rep44,1072,17.87
CNRein,events_80_rep45,1002,16.7
CNRein,events_80_rep46,930,15.5
CNRein,focal_0_3_rep42,1042,17.37
CNRein,focal_0_3_rep43,1121,18.68
CNRein,focal_0_3_rep44,953,15.88
CNRein,focal_0_3_rep45,960,16.0
CNRein,focal_0_3_rep46,907,15.12
CNRein,focal_1_0_rep42,894,14.9
CNRein,focal_1_0_rep43,829,13.82
CNRein,focal_1_0_rep44,861,14.35
CNRein,focal_1_0_rep45,858,14.3
CNRein,focal_1_0_rep46,840,14.0
CNRein,normal_0_0_rep42,1177,19.62
CNRein,normal_0_0_rep43,1199,19.98
CNRein,normal_0_0_rep44,927,15.45
CNRein,normal_0_0_rep45,931,15.52
CNRein,normal_0_0_rep46,824,13.73
CNRein,normal_0_3_rep42,846,14.1
CNRein,normal_0_3_rep43,817,13.62
CNRein,normal_0_3_rep44,1192,19.87
CNRein,normal_0_3_rep45,851,14.18
CNRein,normal_0_3_rep46,824,13.73
CONET,amplitude_1_0_rep42,239,3.98
CONET,amplitude_1_0_rep43,116,1.93
CONET,amplitude_1_0_rep44,121,2.02
CONET,amplitude_1_0_rep45,152,2.53
CONET,amplitude_1_0_rep46,800,13.33
CONET,amplitude_4_0_rep42,1311,21.85
CONET,amplitude_4_0_rep43,117,1.95
CONET,amplitude_4_0_rep44,90,1.5
CONET,amplitude_4_0_rep45,93,1.55
CONET,amplitude_4_0_rep46,127,2.12
CONET,beta_0_1_rep42,90,1.5
CONET,beta_0_1_rep43,66,1.1
CONET,beta_0_1_rep44,71,1.18
CONET,beta_0_1_rep45,73,1.22
CONET,beta_0_1_rep46,61,1.02
CONET,beta_0_3_rep42,133,2.22
CONET,beta_0_3_rep43,107,1.78
CONET,beta_0_3_rep44,98,1.63
CONET,beta_0_3_rep45,93,1.55
CONET,beta_0_3_rep46,140,2.33
CONET,beta_0_5_rep42,96,1.6
CONET,beta_0_5_rep43,119,1.98
CONET,beta_0_5_rep44,645,10.75
CONET,beta_0_5_rep45,78,1.3
CONET,beta_0_5_rep46,43,0.72
CONET,cells_500_rep42,72,1.2
CONET,cells_500_rep43,70,1.17
CONET,cells_500_rep44,69,1.15
CONET,cells_500_rep45,72,1.2
CONET,cells_500_rep46,120,2.0
CONET,cells_50_rep42,24,0.4
CONET,cells_50_rep43,22,0.37
CONET,cells_50_rep44,20,0.33
CONET,cells_50_rep45,18,0.3
CONET,cells_50_rep46,23,0.38
CONET,clone_2_rep42,48,0.8
CONET,clone_2_rep43,52,0.87
CONET,clone_2_rep44,57,0.95
CONET,clone_2_rep45,79,1.32
CONET,clone_2_rep46,42,0.7
CONET,clone_4_rep42,67,1.12
CONET,clone_4_rep43,47,0.78
CONET,clone_4_rep44,49,0.82
CONET,clone_4_rep45,45,0.75
CONET,clone_4_rep46,45,0.75
CONET,clone_8_rep42,48,0.8
CONET,clone_8_rep43,46,0.77
CONET,clone_8_rep44,78,1.3
CONET,clone_8_rep45,43,0.72
CONET,clone_8_rep46,73,1.22
CONET,events_10_rep42,47,0.78
CONET,events_10_rep43,44,0.73
CONET,events_10_rep44,46,0.77
CONET,events_10_rep45,45,0.75
CONET,events_10_rep46,47,0.78
CONET,events_80_rep42,52,0.87
CONET,events_80_rep43,47,0.78
CONET,events_80_rep44,47,0.78
CONET,events_80_rep45,75,1.25
CONET,events_80_rep46,69,1.15
CONET,focal_0_3_rep42,34,0.57
CONET,focal_0_3_rep43,34,0.57
CONET,focal_0_3_rep44,78,1.3
CONET,focal_0_3_rep45,63,1.05
CONET,focal_0_3_rep46,44,0.73
CONET,focal_1_0_rep42,42,0.7
CONET,focal_1_0_rep43,56,0.93
CONET,focal_1_0_rep44,34,0.57
CONET,focal_1_0_rep45,49,0.82
CONET,focal_1_0_rep46,35,0.58
CONET,normal_0_0_rep42,34,0.57
CONET,normal_0_0_rep43,38,0.63
CONET,normal_0_0_rep44,44,0.73
CONET,normal_0_0_rep45,43,0.72
CONET,normal_0_0_rep46,37,0.62
CONET,normal_0_3_rep42,41,0.68
CONET,normal_0_3_rep43,35,0.58
CONET,normal_0_3_rep44,39,0.65
CONET,normal_0_3_rep45,32,0.53
CONET,normal_0_3_rep46,48,0.8
SCICoNE,amplitude_1_0_rep42,468,7.8
SCICoNE,amplitude_1_0_rep43,358,5.97
SCICoNE,amplitude_1_0_rep44,479,7.98
SCICoNE,amplitude_1_0_rep45,417,6.95
SCICoNE,amplitude_1_0_rep46,402,6.7
SCICoNE,amplitude_4_0_rep42,378,6.3
SCICoNE,amplitude_4_0_rep43,369,6.15
SCICoNE,amplitude_4_0_rep44,419,6.98
SCICoNE,amplitude_4_0_rep45,417,6.95
SCICoNE,amplitude_4_0_rep46,663,11.05
SCICoNE,beta_0_1_rep42,392,6.53
SCICoNE,beta_0_1_rep43,397,6.62
SCICoNE,beta_0_1_rep44,377,6.28
SCICoNE,beta_0_1_rep45,348,5.8
SCICoNE,beta_0_1_rep46,347,5.78
SCICoNE,beta_0_3_rep42,413,6.88
SCICoNE,beta_0_3_rep43,396,6.6
SCICoNE,beta_0_3_rep44,336,5.6
SCICoNE,beta_0_3_rep45,331,5.52
SCICoNE,beta_0_3_rep46,359,5.98
SCICoNE,beta_0_5_rep42,396,6.6
SCICoNE,beta_0_5_rep43,296,4.93
SCICoNE,beta_0_5_rep44,329,5.48
SCICoNE,beta_0_5_rep45,420,7.0
SCICoNE,beta_0_5_rep46,401,6.68
SCICoNE,cells_500_rep42,557,9.28
SCICoNE,cells_500_rep43,587,9.78
SCICoNE,cells_500_rep44,592,9.87
SCICoNE,cells_500_rep45,578,9.63
SCICoNE,cells_500_rep46,780,13.0
SCICoNE,cells_50_rep42,380,6.33
SCICoNE,cells_50_rep43,268,4.47
SCICoNE,cells_50_rep44,290,4.83
SCICoNE,cells_50_rep45,289,4.82
SCICoNE,cells_50_rep46,413,6.88
SCICoNE,clone_2_rep42,340,5.67
SCICoNE,clone_2_rep43,318,5.3
SCICoNE,clone_2_rep44,415,6.92
SCICoNE,clone_2_rep45,379,6.32
SCICoNE,clone_2_rep46,287,4.78
SCICoNE,clone_4_rep42,393,6.55
SCICoNE,clone_4_rep43,367,6.12
SCICoNE,clone_4_rep44,401,6.68
SCICoNE,clone_4_rep45,339,5.65
SCICoNE,clone_4_rep46,373,6.22
SCICoNE,clone_8_rep42,424,7.07
SCICoNE,clone_8_rep43,425,7.08
SCICoNE,clone_8_rep44,437,7.28
SCICoNE,clone_8_rep45,368,6.13
SCICoNE,clone_8_rep46,504,8.4
SCICoNE,events_10_rep42,350,5.83
SCICoNE,events_10_rep43,319,5.32
SCICoNE,events_10_rep44,460,7.67
SCICoNE,events_10_rep45,333,5.55
SCICoNE,events_10_rep46,262,4.37
SCICoNE,events_80_rep42,413,6.88
SCICoNE,events_80_rep43,408,6.8
SCICoNE,events_80_rep44,400,6.67
SCICoNE,events_80_rep45,383,6.38
SCICoNE,events_80_rep46,524,8.73
SCICoNE,focal_0_3_rep42,441,7.35
SCICoNE,focal_0_3_rep43,363,6.05
SCICoNE,focal_0_3_rep44,405,6.75
SCICoNE,focal_0_3_rep45,493,8.22
SCICoNE,focal_0_3_rep46,428,7.13
SCICoNE,focal_1_0_rep42,306,5.1
SCICoNE,focal_1_0_rep43,346,5.77
SCICoNE,focal_1_0_rep44,296,4.93
SCICoNE,focal_1_0_rep45,528,8.8
SCICoNE,focal_1_0_rep46,344,5.73
SCICoNE,normal_0_0_rep42,317,5.28
SCICoNE,normal_0_0_rep43,382,6.37
SCICoNE,normal_0_0_rep44,689,11.48
SCICoNE,normal_0_0_rep45,347,5.78
SCICoNE,normal_0_0_rep46,274,4.57
SCICoNE,normal_0_3_rep42,414,6.9
SCICoNE,normal_0_3_rep43,396,6.6
SCICoNE,normal_0_3_rep44,424,7.07
SCICoNE,normal_0_3_rep45,400,6.67
SCICoNE,normal_0_3_rep46,322,5.37
SEACON,amplitude_1_0_rep42,4730,78.83
SEACON,amplitude_1_0_rep43,5568,92.8
SEACON,amplitude_1_0_rep44,4317,71.95
SEACON,amplitude_1_0_rep45,5240,87.33
SEACON,amplitude_1_0_rep46,4914,81.9
SEACON,amplitude_4_0_rep42,4940,82.33
SEACON,amplitude_4_0_rep43,4629,77.15
SEACON,amplitude_4_0_rep44,5807,96.78
SEACON,amplitude_4_0_rep45,3449,57.48
SEACON,amplitude_4_0_rep46,3878,64.63
SEACON,beta_0_1_rep42,3973,66.22
SEACON,beta_0_1_rep43,4533,75.55
SEACON,beta_0_1_rep44,3811,63.52
SEACON,beta_0_1_rep45,3658,60.97
SEACON,beta_0_1_rep46,3927,65.45
SEACON,beta_0_3_rep42,3968,66.13
SEACON,beta_0_3_rep43,5205,86.75
SEACON,beta_0_3_rep44,3704,61.73
SEACON,beta_0_3_rep45,3844,64.07
SEACON,beta_0_3_rep46,3445,57.42
SEACON,beta_0_5_rep42,3970,66.17
SEACON,beta_0_5_rep43,3527,58.78
SEACON,beta_0_5_rep44,3892,64.87
SEACON,beta_0_5_rep45,3697,61.62
SEACON,beta_0_5_rep46,5131,85.52
SEACON,cells_500_rep42,12603,210.05
SEACON,cells_500_rep43,12356,205.93
SEACON,cells_500_rep44,13131,218.85
SEACON,cells_500_rep45,12296,204.93
SEACON,cells_500_rep46,12779,212.98
SEACON,cells_50_rep42,924,15.4
SEACON,cells_50_rep43,1258,20.97
SEACON,cells_50_rep44,961,16.02
SEACON,cells_50_rep45,931,15.52
SEACON,cells_50_rep46,1365,22.75
SEACON,clone_2_rep42,5912,98.53
SEACON,clone_2_rep43,4345,72.42
SEACON,clone_2_rep44,5856,97.6
SEACON,clone_2_rep45,5317,88.62
SEACON,clone_2_rep46,4373,72.88
SEACON,clone_4_rep42,3866,64.43
SEACON,clone_4_rep43,4177,69.62
SEACON,clone_4_rep44,4541,75.68
SEACON,clone_4_rep45,3465,57.75
SEACON,clone_4_rep46,3754,62.57
SEACON,clone_8_rep42,5194,86.57
SEACON,clone_8_rep43,3432,57.2
SEACON,clone_8_rep44,3765,62.75
SEACON,clone_8_rep45,5795,96.58
SEACON,clone_8_rep46,5595,93.25
SEACON,events_10_rep42,3952,65.87
SEACON,events_10_rep43,3750,62.5
SEACON,events_10_rep44,4832,80.53
SEACON,events_10_rep45,3470,57.83
SEACON,events_10_rep46,3461,57.68
SEACON,events_80_rep42,4126,68.77
SEACON,events_80_rep43,3561,59.35
SEACON,events_80_rep44,3497,58.28
SEACON,events_80_rep45,3726,62.1
SEACON,events_80_rep46,4903,81.72
SEACON,focal_0_3_rep42,3739,62.32
SEACON,focal_0_3_rep43,3568,59.47
SEACON,focal_0_3_rep44,3762,62.7
SEACON,focal_0_3_rep45,4614,76.9
SEACON,focal_0_3_rep46,3748,62.47
SEACON,focal_1_0_rep42,5266,87.77
SEACON,focal_1_0_rep43,3338,55.63
SEACON,focal_1_0_rep44,3914,65.23
SEACON,focal_1_0_rep45,4313,71.88
SEACON,focal_1_0_rep46,3813,63.55
SEACON,normal_0_0_rep42,4833,80.55
SEACON,normal_0_0_rep43,3891,64.85
SEACON,normal_0_0_rep44,3889,64.82
SEACON,normal_0_0_rep45,3497,58.28
SEACON,normal_0_0_rep46,3614,60.23
SEACON,normal_0_3_rep42,3539,58.98
SEACON,normal_0_3_rep43,3555,59.25
SEACON,normal_0_3_rep44,3772,62.87
SEACON,normal_0_3_rep45,3532,58.87
SEACON,normal_0_3_rep46,3867,64.45
